customer_id,recency_days,frequency,monetary_total,avg_order_value,tenure_days,delivery_share,avg_items_per_order,item_diversity,tip_rate,modifiers_per_order,lapsed
1,25,5,65.80,13.160000,340,0.00000,1.2000,2,0.000000,0.0000,0
2,59,2,119.41,59.705000,306,0.00000,2.5000,5,0.000000,3.5000,1
4,26,13,792.39,60.953077,339,1.00000,4.3077,8,0.133735,1.6154,0
8,5,9,321.71,35.745556,360,0.00000,1.8889,6,0.027976,1.8889,0
9,6,7,133.57,19.081429,359,0.00000,1.8571,8,0.086696,2.2857,1
10,3,36,1146.66,31.851667,362,0.80556,3.6944,32,0.045018,2.7222,0
14,49,38,990.38,26.062632,316,0.44737,1.2368,9,0.079263,1.7632,0
17,7,29,1319.43,45.497586,358,0.00000,2.5517,8,0.143244,1.1379,0
20,45,15,277.12,18.474667,320,0.00000,1.1333,3,0.000000,1.7333,1
21,9,14,690.16,49.297143,356,1.00000,1.7857,10,0.119349,1.2143,0
22,3,52,1101.05,21.174038,362,0.00000,1.4423,31,0.089914,0.9615,0
23,9,19,1133.80,59.673684,356,1.00000,3.5789,21,0.126125,4.6842,0
25,70,122,3050.87,25.007131,295,0.92623,1.5738,23,0.137095,1.8607,0
27,21,8,376.52,47.065000,344,1.00000,3.1250,13,0.087539,3.1250,0
28,27,12,582.76,48.563333,338,0.08333,2.3333,7,0.116188,3.8333,0
29,25,7,263.49,37.641429,340,0.57143,2.1429,3,0.053133,0.8571,0
30,33,13,500.78,38.521538,332,0.38462,3.1538,13,0.074783,3.4615,0
33,25,11,443.22,40.292727,340,0.90909,3.8182,8,0.058662,0.3636,0
34,31,8,621.98,77.747500,334,0.25000,4.3750,15,0.090035,5.7500,0
35,1,14,917.62,65.544286,364,0.28571,3.5000,20,0.010898,1.7143,0
36,6,30,1074.47,35.815667,359,0.93333,2.2000,20,0.116429,2.4333,0
41,14,14,312.44,22.317143,351,0.00000,1.2857,5,0.000000,0.5714,0
43,84,6,301.06,50.176667,281,0.83333,2.3333,4,0.083040,0.8333,1
47,34,20,530.30,26.515000,331,0.20000,1.7500,17,0.039600,1.4000,0
49,30,15,944.77,62.984667,335,0.46667,4.2667,14,0.082634,2.8000,0
50,1,14,882.91,63.065000,364,0.00000,4.5000,24,0.038350,1.6429,0
51,45,10,481.99,48.199000,320,1.00000,3.0000,13,0.141082,2.1000,0
56,44,7,339.11,48.444286,321,1.00000,2.7143,6,0.099230,2.1429,0
57,5,47,1414.31,30.091702,360,0.74468,1.8298,24,0.033232,0.8085,0
59,21,8,587.17,73.396250,344,0.37500,11.5000,15,0.142599,7.3750,1
60,49,12,327.20,27.266667,316,1.00000,1.3333,5,0.030562,1.8333,1
61,17,21,671.83,31.991905,348,0.85714,1.8571,20,0.022327,2.8095,0
63,13,7,477.38,68.197143,352,0.71429,3.7143,19,0.071222,6.4286,0
64,3,8,248.91,31.113750,362,1.00000,2.2500,9,0.000000,0.2500,0
68,11,32,1507.55,47.110938,354,1.00000,2.2500,22,0.094856,0.5000,0
70,19,11,515.20,46.836364,346,0.36364,3.1818,28,0.054348,2.1818,0
74,22,9,692.64,76.960000,343,0.00000,3.4444,7,0.043746,4.3333,0
77,13,42,917.54,21.846190,352,0.00000,1.4524,9,0.000000,1.5714,0
78,9,57,2880.28,50.531228,356,1.00000,2.1228,8,0.168230,1.0526,0
79,33,2,55.64,27.820000,332,0.50000,2.0000,4,0.000000,1.0000,1
82,28,28,867.81,30.993214,337,1.00000,2.5000,12,0.087577,2.6429,0
83,28,5,315.78,63.156000,337,1.00000,3.0000,10,0.139338,1.2000,0
85,16,12,267.86,22.321667,349,0.91667,1.3333,9,0.091204,1.3333,0
87,12,18,513.79,28.543889,352,0.00000,1.4444,11,0.144028,4.8889,0
92,8,3,444.44,148.146667,356,0.00000,6.6667,8,0.004500,3.0000,0
94,4,22,502.38,22.835455,360,0.00000,1.5909,13,0.000000,1.1364,0
95,63,9,313.78,34.864444,301,0.00000,2.3333,3,0.000000,2.5556,0
96,56,12,650.10,54.175000,308,0.00000,3.4167,10,0.148685,5.0000,0
97,2,82,1434.39,17.492561,362,0.00000,2.2805,15,0.000000,0.4512,0
98,2,17,457.54,26.914118,362,0.29412,1.9412,19,0.028413,1.9412,0
101,2,58,2087.23,35.986724,362,0.94828,2.8966,25,0.113840,1.6897,0
102,23,12,382.54,31.878333,341,0.00000,1.7500,3,0.000000,3.8333,0
103,78,9,480.42,53.380000,286,0.00000,4.3333,22,0.047875,1.8889,0
104,48,30,1084.66,36.155333,316,0.30000,2.7667,38,0.025547,1.7000,0
108,22,28,1020.13,36.433214,342,0.03571,3.2500,20,0.013724,1.7857,0
109,63,8,690.98,86.372500,301,1.00000,4.1250,4,0.000000,4.0000,0
111,14,10,744.59,74.459000,350,0.00000,8.8000,9,0.033576,1.9000,0
117,63,7,164.08,23.440000,301,0.28571,1.7143,6,0.031570,1.8571,0
120,72,3,178.00,59.333333,292,1.00000,14.6667,9,0.164438,0.3333,0
121,30,16,910.91,56.931875,334,0.75000,4.0000,27,0.003293,2.4375,0
122,84,2,44.94,22.470000,280,0.00000,1.5000,3,0.000000,0.0000,0
123,9,11,707.75,64.340909,355,0.81818,4.0000,21,0.000000,2.3636,0
125,25,3,82.85,27.616667,339,0.00000,2.6667,5,0.012070,0.3333,1
127,62,4,51.80,12.950000,301,0.25000,2.0000,7,0.078764,2.2500,0
128,10,11,135.68,12.334545,353,0.00000,1.0000,2,0.022111,0.9091,0
129,26,7,165.57,23.652857,337,0.00000,2.1429,13,0.083952,2.0000,0
131,84,18,597.92,33.217778,279,0.33333,2.1667,21,0.018397,1.7778,0
133,30,17,797.99,46.940588,333,0.05882,3.1765,19,0.013785,1.3529,0
135,57,11,227.90,20.718182,306,0.00000,1.5455,13,0.000000,1.0000,1
137,5,69,1468.04,21.275942,358,1.00000,1.7536,4,0.000000,0.0000,0
138,18,17,859.82,50.577647,345,0.76471,3.4118,30,0.093333,4.5882,0
141,8,15,335.98,22.398667,355,1.00000,2.0667,4,0.000000,0.0000,0
143,4,21,695.22,33.105714,359,0.00000,2.1905,14,0.000000,2.5714,0
146,5,28,827.55,29.555357,358,0.00000,2.3929,22,0.033835,0.7857,0
147,76,25,1125.13,45.005200,287,0.76000,2.9200,15,0.073778,2.6800,0
150,49,5,154.22,30.844000,314,0.00000,2.0000,7,0.023473,0.6000,0
151,13,37,2288.23,61.844054,350,0.91892,3.5135,26,0.108022,4.8108,0
152,51,14,632.10,45.150000,312,1.00000,3.4286,16,0.000000,1.0714,0
156,1,13,279.13,21.471538,362,0.00000,1.0000,10,0.007165,0.1538,0
162,67,2,47.97,23.985000,295,1.00000,1.0000,2,0.118824,3.0000,0
163,12,10,135.21,13.521000,350,0.00000,1.7000,7,0.014792,1.2000,0
164,67,2,31.96,15.980000,295,0.00000,1.5000,3,0.062578,0.5000,1
165,5,27,493.78,18.288148,357,0.03704,2.6667,19,0.030378,1.7037,0
166,23,36,989.49,27.485833,339,0.02778,3.0278,17,0.037393,2.1944,0
172,26,21,573.01,27.286190,336,0.09524,2.0000,10,0.024432,1.5238,0
174,5,53,1559.36,29.421887,357,0.00000,2.0755,16,0.010902,3.3585,0
175,44,17,811.18,47.716471,318,0.35294,3.8235,23,0.110949,2.3529,1
178,43,6,238.66,39.776667,319,0.66667,2.5000,9,0.144767,2.3333,0
179,8,26,604.87,23.264231,354,0.00000,4.3846,15,0.029758,1.0000,0
180,88,3,119.75,39.916667,274,1.00000,3.0000,7,0.000000,2.0000,1
181,21,43,2071.47,48.173721,341,1.00000,3.3488,20,0.109830,4.2093,0
182,23,3,209.55,69.850000,339,1.00000,3.3333,6,0.000000,6.0000,0
183,5,38,1431.66,37.675263,357,0.00000,1.7368,25,0.073167,1.9211,0
184,1,21,1285.97,61.236667,361,0.04762,4.3333,17,0.154133,2.6667,0
185,17,36,865.63,24.045278,345,0.00000,1.0556,3,0.000000,0.0556,0
188,12,29,571.27,19.698966,350,0.37931,1.2414,14,0.015754,0.6897,0
190,42,13,464.28,35.713846,320,0.84615,2.8462,4,0.021539,0.6923,0
191,30,2,54.08,27.040000,332,0.00000,4.0000,3,0.060096,4.5000,1
192,2,28,1092.93,39.033214,360,0.28571,3.5357,18,0.034924,1.9286,0
196,71,5,162.01,32.402000,290,0.00000,2.2000,4,0.055552,0.4000,0
198,21,7,155.76,22.251429,340,0.71429,1.8571,8,0.021700,3.1429,0
199,1,61,1561.11,25.591967,360,1.00000,1.8689,13,0.000000,1.3115,0
205,46,8,173.61,21.701250,315,0.00000,1.6250,5,0.023155,0.5000,1
206,3,22,832.92,37.860000,358,0.36364,2.7727,25,0.030615,1.5909,0
207,25,5,198.45,39.690000,336,0.80000,2.0000,4,0.118418,3.4000,0
208,78,4,147.02,36.755000,283,1.00000,2.5000,5,0.075704,0.7500,0
209,1,202,5984.03,29.623911,360,0.02970,2.5198,83,0.091413,1.8267,0
210,6,43,1254.52,29.174884,355,0.16279,1.8837,24,0.027190,2.1860,0
211,19,6,256.90,42.816667,342,0.00000,2.3333,7,0.102413,2.6667,0
212,9,14,375.32,26.808571,352,0.00000,1.9286,14,0.023580,1.4286,0
213,83,5,231.43,46.286000,278,0.60000,5.4000,9,0.086419,4.4000,0
218,23,13,350.48,26.960000,338,0.69231,2.0000,9,0.008560,1.3077,0
220,49,8,380.85,47.606250,312,0.50000,2.5000,8,0.075620,4.1250,1
221,75,7,281.84,40.262857,286,0.00000,2.0000,7,0.005322,0.0000,1
222,24,9,170.14,18.904444,337,0.00000,2.0000,12,0.000000,1.7778,0
223,1,65,1675.56,25.777846,360,0.15385,2.4769,38,0.032228,1.2462,0
224,37,9,337.86,37.540000,324,0.22222,3.5556,22,0.000000,3.0000,0
227,12,7,181.37,25.910000,349,0.00000,1.5714,10,0.000000,2.0000,0
228,38,6,230.19,38.365000,323,0.83333,2.5000,12,0.091229,2.1667,0
229,30,13,416.67,32.051538,331,0.00000,1.6154,12,0.021600,0.7692,0
231,2,5,95.23,19.046000,359,0.00000,1.2000,2,0.000000,1.0000,0
233,2,18,255.67,14.203889,358,0.22222,2.3333,11,0.017796,0.5556,0
237,81,7,294.25,42.035714,279,0.14286,3.4286,14,0.021852,3.5714,0
239,25,10,267.50,26.750000,335,0.00000,1.0000,1,0.000000,0.0000,0
240,18,56,1535.18,27.413929,342,1.00000,3.4643,17,0.014331,2.5000,0
243,49,5,312.44,62.488000,311,0.00000,3.6000,7,0.000000,0.4000,0
244,17,12,1022.24,85.186667,343,1.00000,4.1667,4,0.094890,0.6667,0
246,2,28,559.88,19.995714,358,0.03571,1.9643,8,0.000000,0.3571,0
248,3,18,486.58,27.032222,357,0.00000,2.1111,7,0.000000,2.0556,0
250,3,60,1194.80,19.913333,357,0.00000,2.4667,50,0.020455,0.8333,0
252,2,56,1545.86,27.604643,358,0.89286,2.0000,21,0.004528,4.9464,0
253,3,18,1600.73,88.929444,357,1.00000,4.8333,23,0.115972,5.0000,0
254,32,15,815.64,54.376000,328,1.00000,2.4000,7,0.085822,2.3333,0
255,68,8,219.88,27.485000,292,0.00000,2.0000,7,0.000000,2.5000,0
256,2,18,807.32,44.851111,358,0.38889,2.6111,16,0.000000,2.0000,0
257,87,7,436.87,62.410000,273,1.00000,3.4286,18,0.000000,0.4286,1
259,1,8,263.66,32.957500,359,0.12500,3.0000,15,0.022757,2.8750,1
261,41,9,403.52,44.835556,319,0.44444,3.2222,11,0.154144,1.8889,0
262,1,6,230.51,38.418333,359,1.00000,2.3333,10,0.104117,0.3333,1
263,56,7,245.72,35.102857,304,0.14286,3.2857,6,0.019087,1.7143,0
264,80,6,127.33,21.221667,280,0.50000,1.1667,5,0.000000,1.3333,1
265,67,20,1008.28,50.414000,293,0.85000,3.0000,13,0.137759,3.5500,0
272,70,8,325.13,40.641250,290,0.00000,5.6250,8,0.018454,2.0000,0
276,82,19,406.44,21.391579,278,0.00000,1.8947,24,0.043057,0.7368,0
283,69,4,88.53,22.132500,290,0.50000,3.2500,6,0.000000,5.5000,1
284,3,40,967.44,24.186000,356,0.95000,1.1250,2,0.124039,5.5250,0
287,32,7,130.54,18.648571,327,0.00000,2.2857,8,0.000000,0.7143,0
291,24,19,915.24,48.170526,335,0.21053,2.7895,11,0.135451,0.5263,0
292,1,29,1566.36,54.012414,358,1.00000,3.8276,19,0.039263,1.9655,0
293,37,5,167.83,33.566000,322,1.00000,1.8000,4,0.131323,1.0000,0
295,30,23,459.62,19.983478,329,0.95652,1.6087,11,0.047866,1.6522,0
296,65,15,668.64,44.576000,294,0.73333,4.3333,8,0.093025,0.6000,0
298,57,4,112.24,28.060000,302,0.00000,1.2500,2,0.122951,2.0000,1
299,9,59,1795.27,30.428305,350,0.08475,2.1525,27,0.030636,1.8983,0
303,8,5,158.76,31.752000,351,0.60000,1.4000,6,0.133913,1.4000,0
304,21,12,446.84,37.236667,338,0.00000,4.0000,20,0.065012,1.0833,0
305,21,15,1126.05,75.070000,338,1.00000,4.0667,14,0.105768,1.6667,0
306,2,30,2407.48,80.249333,357,0.83333,3.5333,29,0.093313,5.5000,0
307,29,4,278.71,69.677500,330,0.50000,2.5000,3,0.105486,0.7500,1
310,76,10,349.36,34.936000,283,0.30000,3.0000,19,0.000000,2.5000,0
311,11,11,251.92,22.901818,348,1.00000,1.0909,6,0.000000,0.6364,0
317,29,5,225.50,45.100000,330,1.00000,2.2000,8,0.115743,2.6000,0
319,23,13,361.58,27.813846,336,0.00000,2.0769,15,0.024891,2.0000,0
320,37,13,750.09,57.699231,322,1.00000,3.2308,16,0.113120,5.6923,1
322,49,22,694.97,31.589545,310,0.40909,1.6364,8,0.000000,1.0000,1
324,2,18,453.89,25.216111,357,0.00000,1.2222,5,0.185397,1.0000,0
329,58,19,595.28,31.330526,301,0.00000,1.7368,15,0.023518,1.4211,0
332,1,22,1058.97,48.135000,358,0.59091,2.8182,18,0.137350,1.4091,0
333,19,15,586.78,39.118667,340,0.93333,3.0667,12,0.063601,0.8000,0
334,9,6,326.74,54.456667,350,1.00000,2.8333,10,0.128849,7.0000,1
336,2,26,524.83,20.185769,357,1.00000,1.0000,7,0.109864,1.6923,0
337,13,2,34.24,17.120000,346,0.00000,1.5000,3,0.000000,0.5000,0
339,8,35,974.18,27.833714,351,0.00000,1.9143,14,0.001027,2.4857,0
341,16,10,333.79,33.379000,343,1.00000,1.9000,2,0.110998,2.4000,0
344,17,9,243.87,27.096667,342,0.00000,1.5556,6,0.036905,0.3333,0
347,7,19,481.72,25.353684,352,0.63158,2.1053,6,0.120402,2.0526,0
348,2,62,2489.70,40.156452,357,0.25806,2.2581,46,0.096397,2.0484,0
350,36,11,250.49,22.771818,323,0.63636,1.0909,7,0.126432,1.0909,0
353,25,28,663.13,23.683214,334,0.00000,1.9643,23,0.057304,0.7857,0
357,41,5,231.33,46.266000,318,0.40000,4.0000,10,0.064842,3.6000,0
360,30,5,132.96,26.592000,329,0.40000,2.2000,4,0.000150,0.0000,0
367,2,37,1328.86,35.915135,356,0.43243,3.1892,28,0.039854,1.8378,0
370,21,3,61.10,20.366667,337,0.00000,2.0000,5,0.111293,3.0000,0
372,43,7,273.33,39.047143,315,0.14286,2.1429,6,0.000000,4.2857,0
375,5,198,6332.49,31.982273,353,0.00000,3.0253,80,0.013068,1.8838,0
381,1,29,1076.99,37.137586,357,0.17241,4.3448,14,0.000000,1.0690,0
382,24,15,197.95,13.196667,334,0.00000,1.0667,5,0.000000,0.7333,0
386,32,12,519.11,43.259167,326,1.00000,2.7500,10,0.032748,2.5833,0
387,59,12,516.54,43.045000,299,0.16667,2.5833,4,0.000000,1.3333,0
388,18,4,151.07,37.767500,340,0.00000,2.0000,6,0.132389,1.2500,0
389,11,13,537.67,41.359231,347,0.00000,3.0000,16,0.000000,0.9231,0
399,86,2,72.88,36.440000,272,0.50000,2.5000,5,0.027442,3.0000,1
400,61,9,232.26,25.806667,297,0.00000,1.8889,9,0.077499,1.3333,0
404,21,6,387.06,64.510000,337,0.83333,4.6667,18,0.113290,2.3333,0
406,31,20,1072.96,53.648000,327,1.00000,3.0500,9,0.000000,2.5500,0
407,21,24,2126.78,88.615833,337,0.00000,4.2917,21,0.038556,3.3750,0
408,8,11,287.21,26.110000,350,0.00000,4.4545,11,0.017409,2.2727,0
409,1,13,611.18,47.013846,357,0.76923,3.4615,19,0.000000,1.0000,0
412,1,28,1412.43,50.443929,357,0.96429,3.0000,15,0.146025,3.8929,0
413,49,7,411.42,58.774286,309,1.00000,3.7143,10,0.115697,7.5714,0
421,8,3,54.58,18.193333,349,1.00000,3.0000,3,0.000000,1.0000,0
426,90,15,297.38,19.825333,267,0.00000,1.2667,7,0.003363,1.0667,0
427,28,3,96.66,32.220000,329,1.00000,2.3333,5,0.000000,3.3333,0
428,2,3,91.47,30.490000,355,1.00000,2.3333,6,0.000000,1.0000,0
429,4,19,653.28,34.383158,353,0.47368,2.2105,16,0.076537,1.1579,0
430,58,17,693.90,40.817647,299,0.00000,3.0000,16,0.054763,1.8235,0
434,1,26,1050.22,40.393077,356,0.26923,2.8846,30,0.026661,1.1923,0
436,10,8,360.24,45.030000,347,0.62500,2.5000,10,0.049523,1.1250,0
437,60,8,327.79,40.973750,297,0.00000,2.1250,6,0.130571,5.5000,0
438,14,25,446.21,17.848400,343,0.28000,1.0400,10,0.138119,1.1200,0
443,14,7,363.04,51.862857,343,0.00000,4.5714,9,0.082636,0.0000,0
445,6,36,2230.67,61.963056,351,1.00000,4.0833,6,0.007621,4.9167,0
447,42,7,257.11,36.730000,315,1.00000,1.8571,9,0.097040,0.8571,0
449,13,10,420.51,42.051000,344,0.00000,3.4000,9,0.000000,2.0000,0
450,14,22,595.28,27.058182,343,0.09091,3.7727,17,0.016799,1.1818,0
451,71,6,178.06,29.676667,286,0.00000,4.1667,8,0.045996,0.3333,0
452,16,29,909.29,31.354828,341,0.68966,1.4828,9,0.041175,1.0345,0
454,23,8,222.82,27.852500,334,0.12500,2.1250,16,0.000000,0.8750,0
455,1,5,328.23,65.646000,356,0.00000,5.2000,12,0.109222,3.0000,0
462,53,17,1089.64,64.096471,304,0.00000,7.4118,13,0.027358,2.4118,0
467,6,24,835.83,34.826250,350,0.41667,2.6250,26,0.066222,1.7917,0
469,1,36,1438.42,39.956111,355,0.02778,2.8889,36,0.025723,3.3611,0
470,13,28,1094.16,39.077143,343,1.00000,2.9286,7,0.003656,2.0000,0
471,5,3,97.45,32.483333,351,0.00000,2.6667,7,0.044741,1.6667,1
474,72,5,170.13,34.026000,284,0.00000,2.4000,5,0.000000,1.0000,0
480,90,9,571.51,63.501111,266,0.77778,10.0000,18,0.033280,3.7778,0
486,15,17,660.34,38.843529,341,0.11765,2.1176,11,0.114911,1.8235,0
488,33,8,300.57,37.571250,323,0.00000,2.7500,6,0.035266,2.5000,0
489,26,11,492.72,44.792727,330,1.00000,2.9091,10,0.000000,0.3636,0
490,45,14,466.81,33.343571,311,0.71429,2.1429,15,0.000000,3.0000,0
491,43,13,984.90,75.761538,313,0.00000,8.3846,22,0.063783,1.6923,0
492,5,8,322.99,40.373750,351,0.50000,2.1250,10,0.042416,0.6250,1
494,81,2,81.32,40.660000,275,0.00000,4.0000,4,0.000000,0.0000,0
497,6,30,1169.55,38.985000,349,1.00000,2.0000,2,0.137660,8.8333,0
499,8,5,108.46,21.692000,347,0.20000,2.0000,9,0.047944,0.2000,1
501,85,6,110.75,18.458333,270,0.00000,1.1667,2,0.000000,2.5000,0
502,42,9,283.75,31.527778,313,0.88889,2.5556,7,0.151542,0.1111,0
504,47,13,906.18,69.706154,308,1.00000,3.3077,9,0.156922,1.7692,0
506,87,21,522.10,24.861905,268,0.00000,1.4286,9,0.001915,2.0952,0
507,17,17,791.47,46.557059,338,1.00000,2.2941,8,0.147611,0.4706,0
508,59,12,546.63,45.552500,296,0.08333,5.3333,18,0.030844,1.5833,0
511,9,20,634.93,31.746500,346,0.00000,2.3500,10,0.028350,2.6500,0
516,65,3,166.73,55.576667,290,0.66667,4.0000,7,0.000000,4.3333,0
520,4,22,753.40,34.245455,351,0.63636,2.1818,13,0.022564,1.0455,0
522,1,13,545.70,41.976923,354,0.00000,2.8462,5,0.000000,1.2308,0
523,84,21,746.35,35.540476,271,0.28571,2.6190,18,0.014738,3.2381,0
525,16,12,408.50,34.041667,339,0.83333,2.1667,14,0.036720,0.5833,0
526,14,12,347.60,28.966667,341,0.33333,2.6667,22,0.014384,4.5000,0
528,62,5,110.21,22.042000,293,0.00000,1.8000,6,0.000000,1.4000,0
532,5,22,323.10,14.686364,350,0.00000,1.6818,5,0.000000,1.1364,0
533,64,14,1029.83,73.559286,290,1.00000,5.5000,37,0.111125,9.5000,0
535,5,11,310.54,28.230909,349,0.18182,2.0000,12,0.088555,1.6364,0
536,4,80,1709.71,21.371375,350,0.98750,1.9000,16,0.201906,2.7125,0
538,8,14,608.91,43.493571,346,0.35714,3.2857,18,0.077187,2.2857,0
539,80,13,379.30,29.176923,274,0.23077,1.1538,6,0.074717,4.1538,0
541,32,9,385.47,42.830000,322,0.66667,2.3333,8,0.143643,3.2222,1
543,7,39,1165.10,29.874359,347,0.94872,4.0256,9,0.015449,0.2564,0
545,8,15,563.67,37.578000,346,1.00000,3.0667,12,0.136250,1.7333,0
546,50,3,72.48,24.160000,304,0.33333,2.3333,4,0.000000,0.3333,0
548,8,6,382.49,63.748333,346,0.00000,4.1667,9,0.020916,0.0000,0
549,1,14,563.29,40.235000,353,0.78571,2.2143,14,0.100144,3.0000,0
552,71,6,86.63,14.438333,283,0.00000,1.8333,8,0.000000,0.5000,0
555,10,20,347.21,17.360500,344,0.00000,1.1500,6,0.000000,0.9500,0
557,12,10,307.89,30.789000,342,0.10000,4.0000,6,0.000000,1.5000,0
558,1,11,454.21,41.291818,353,1.00000,2.9091,15,0.000000,1.3636,0
559,88,4,128.22,32.055000,266,0.75000,3.0000,10,0.000000,1.7500,0
560,28,16,401.52,25.095000,326,0.00000,1.8125,10,0.000000,2.1875,0
562,1,18,1204.50,66.916667,353,1.00000,5.0556,14,0.066418,2.3333,0
563,2,15,226.31,15.087333,352,0.00000,2.0667,16,0.000000,0.4000,0
564,3,84,1755.07,20.893690,351,0.00000,2.3333,67,0.035298,1.0833,0
566,14,29,952.75,32.853448,339,0.10345,2.7241,40,0.009121,1.5517,0
570,10,10,125.46,12.546000,343,0.00000,1.4000,8,0.000000,0.5000,0
571,11,20,939.92,46.996000,342,0.95000,3.8000,18,0.008511,2.1500,0
573,15,14,751.72,53.694286,338,0.92857,3.0714,10,0.151652,1.8571,0
577,1,21,828.45,39.450000,352,0.33333,3.2857,18,0.052628,2.9524,0
578,9,23,695.48,30.238261,344,1.00000,2.0000,5,0.151909,2.0870,0
579,64,10,375.45,37.545000,289,1.00000,2.1000,6,0.133546,2.4000,0
580,5,8,272.31,34.038750,348,1.00000,2.0000,9,0.000000,2.0000,0
582,22,7,301.53,43.075714,331,0.57143,5.4286,5,0.000000,0.5714,0
583,23,5,77.26,15.452000,330,0.00000,1.6000,7,0.058245,0.8000,0
585,84,5,372.04,74.408000,269,1.00000,3.2000,9,0.123669,4.2000,0
586,15,4,84.53,21.132500,338,0.00000,1.2500,4,0.000000,1.5000,0
587,73,2,81.86,40.930000,280,0.00000,4.0000,4,0.000000,0.0000,0
590,69,2,33.48,16.740000,284,0.00000,2.0000,3,0.209080,1.5000,0
591,9,21,457.37,21.779524,344,0.14286,1.5238,8,0.038481,0.8095,0
592,8,14,472.77,33.769286,345,0.07143,4.0000,8,0.089346,0.1429,0
593,9,19,640.55,33.713158,344,0.94737,2.5789,6,0.107174,5.0526,0
594,6,13,517.72,39.824615,347,0.30769,2.4615,15,0.038747,0.5385,0
595,6,14,681.52,48.680000,347,1.00000,2.7857,10,0.152160,4.3571,0
596,29,29,1344.53,46.363103,324,0.41379,3.2069,32,0.046857,2.5862,0
597,15,19,350.82,18.464211,338,0.00000,2.7895,21,0.005701,0.6842,0
605,18,22,760.59,34.572273,335,0.22727,2.8182,32,0.017092,1.4091,0
608,78,6,80.80,13.466667,274,0.00000,2.8333,5,0.000000,2.1667,1
609,11,13,683.80,52.600000,341,0.30769,3.9231,23,0.023326,1.0000,0
610,32,3,99.37,33.123333,320,0.00000,1.6667,4,0.020127,4.0000,1
613,74,8,260.02,32.502500,278,0.00000,2.6250,6,0.057688,1.0000,0
615,8,27,933.04,34.557037,344,1.00000,3.7407,15,0.000000,0.6296,0
616,46,14,444.38,31.741429,306,0.14286,2.0000,8,0.040506,1.7857,0
618,8,11,281.41,25.582727,344,0.00000,1.3636,6,0.000000,1.4545,0
619,40,3,281.38,93.793333,312,1.00000,5.0000,6,0.110171,3.3333,1
622,16,15,456.05,30.403333,336,1.00000,1.2667,4,0.118408,1.2667,0
625,9,5,303.61,60.722000,343,0.00000,5.6000,10,0.092487,2.2000,1
626,79,5,240.83,48.166000,273,1.00000,2.6000,9,0.133621,4.0000,1
629,1,84,2925.27,34.824643,351,0.23810,2.4286,58,0.038605,1.5952,0
630,78,7,214.65,30.664286,274,0.14286,2.1429,8,0.105195,0.8571,1
632,79,11,252.63,22.966364,273,0.00000,1.0000,1,0.114792,0.0000,0
633,1,21,728.01,34.667143,351,0.14286,2.1905,18,0.112636,1.5714,0
635,16,12,244.10,20.341667,336,0.25000,1.5000,12,0.069644,0.8333,0
638,6,11,433.03,39.366364,346,1.00000,2.2727,8,0.000000,1.7273,0
642,38,9,248.77,27.641111,314,0.00000,2.1111,12,0.000000,1.3333,0
646,84,3,86.81,28.936667,268,0.00000,3.6667,11,0.057021,2.3333,0
648,38,16,844.46,52.778750,314,0.87500,2.8125,8,0.090235,2.4375,0
652,67,3,190.91,63.636667,285,0.66667,5.6667,9,0.026190,2.0000,0
653,2,24,981.48,40.895000,350,0.12500,3.0833,14,0.019359,5.8333,0
656,18,11,549.34,49.940000,334,1.00000,2.7273,8,0.092839,1.3636,0
657,27,14,561.75,40.125000,325,0.00000,1.9286,13,0.000000,1.4286,0
659,53,7,254.79,36.398571,299,1.00000,2.5714,8,0.139095,1.5714,0
660,69,5,189.64,37.928000,283,0.20000,2.2000,10,0.054893,1.2000,0
664,50,7,220.78,31.540000,302,1.00000,1.7143,6,0.156717,1.2857,0
665,51,6,331.30,55.216667,301,0.83333,3.3333,9,0.076064,2.1667,0
668,50,14,382.23,27.302143,302,0.92857,2.4286,16,0.020930,3.7857,0
669,1,48,1197.97,24.957708,351,1.00000,2.5000,31,0.060102,1.2917,0
674,15,9,162.52,18.057778,336,0.00000,1.5556,2,0.012306,1.2222,0
679,48,30,669.61,22.320333,303,0.96667,2.2667,9,0.124207,3.7667,0
682,44,2,47.26,23.630000,307,0.00000,1.5000,3,0.105798,2.5000,0
683,16,8,242.32,30.290000,335,0.37500,2.3750,7,0.103623,0.5000,0
688,9,18,492.57,27.365000,342,0.22222,2.7222,27,0.047709,1.7222,0
691,89,8,509.30,63.662500,262,0.75000,2.8750,8,0.138622,1.5000,0
693,26,2,101.18,50.590000,325,1.00000,4.0000,7,0.042993,1.0000,1
694,14,6,160.50,26.750000,337,0.00000,1.5000,7,0.000000,1.1667,0
696,65,9,380.87,42.318889,286,0.11111,2.6667,8,0.065114,6.3333,1
698,9,33,1144.21,34.673030,342,0.93939,2.3333,11,0.197813,2.6061,0
699,9,11,977.77,88.888182,342,0.00000,4.8182,11,0.083425,2.7273,0
700,40,19,426.50,22.447368,311,0.73684,1.3158,8,0.000000,0.7368,0
701,44,6,305.04,50.840000,307,1.00000,4.0000,18,0.000000,0.6667,0
702,83,5,229.23,45.846000,268,0.40000,2.2000,10,0.021812,2.6000,1
703,39,8,237.47,29.683750,312,0.50000,2.1250,11,0.029477,0.6250,1
704,20,15,443.94,29.596000,331,0.00000,2.2000,9,0.072082,0.6667,0
707,48,21,636.65,30.316667,303,1.00000,1.9524,15,0.000000,0.5238,0
712,43,13,491.37,37.797692,308,0.07692,1.7692,2,0.050573,1.1538,0
717,68,6,205.07,34.178333,283,0.50000,2.3333,9,0.009753,1.5000,1
721,8,4,174.22,43.555000,342,0.00000,2.5000,7,0.103318,0.7500,0
725,8,4,372.73,93.182500,342,0.00000,3.5000,6,0.155045,10.0000,0
732,33,18,307.59,17.088333,317,1.00000,1.2778,15,0.058519,1.1667,0
733,9,25,2183.53,87.341200,341,1.00000,4.5600,27,0.157635,2.9600,0
738,34,12,294.83,24.569167,316,0.25000,1.3333,9,0.000000,1.0000,0
740,13,11,590.77,53.706364,337,1.00000,6.0909,13,0.021464,3.5455,0
744,3,11,199.16,18.105455,347,0.09091,1.3636,7,0.027566,0.8182,0
745,49,21,650.56,30.979048,301,0.33333,1.9524,19,0.016909,0.8095,0
747,21,5,507.48,101.496000,329,0.00000,4.6000,11,0.037617,0.6000,0
748,38,35,616.28,17.608000,312,0.02857,1.7714,6,0.000000,1.2571,0
749,5,17,539.80,31.752941,345,0.00000,3.0588,9,0.000000,0.2941,0
754,17,21,425.87,20.279524,333,0.14286,2.0476,19,0.030314,3.5238,0
755,38,10,305.75,30.575000,312,0.00000,3.8000,5,0.000000,1.0000,0
756,25,5,110.17,22.034000,325,1.00000,1.2000,3,0.019061,0.4000,1
757,50,8,393.76,49.220000,300,1.00000,3.2500,12,0.000000,3.0000,0
759,68,12,581.53,48.460833,282,0.66667,4.7500,9,0.043420,3.5833,0
760,15,17,327.59,19.270000,335,0.05882,1.2941,11,0.027473,1.5882,0
762,30,13,459.64,35.356923,320,0.07692,2.8462,20,0.011422,0.8462,0
764,23,8,1183.42,147.927500,326,0.00000,8.2500,10,0.000000,1.7500,0
767,58,3,132.59,44.196667,291,0.00000,3.6667,3,0.067878,1.0000,1
769,38,11,267.99,24.362727,311,0.81818,1.6364,7,0.033583,0.9091,0
770,5,25,755.82,30.232800,344,1.00000,4.6000,18,0.063507,1.5200,0
772,67,9,322.45,35.827778,282,1.00000,2.7778,6,0.042239,3.2222,0
778,40,7,175.33,25.047143,309,0.28571,2.7143,10,0.000000,1.4286,0
782,24,11,908.61,82.600909,325,0.72727,4.2727,15,0.108958,2.8182,1
786,61,8,375.06,46.882500,288,0.75000,3.5000,6,0.111982,0.3750,0
789,88,5,251.21,50.242000,261,0.60000,3.2000,9,0.075634,3.8000,0
790,8,14,325.53,23.252143,341,1.00000,1.5714,7,0.136362,3.5714,0
796,17,10,142.14,14.214000,331,0.00000,1.0000,2,0.051499,1.7000,0
798,21,24,1177.04,49.043333,327,0.29167,3.9583,7,0.084279,1.6667,0
799,86,5,99.00,19.800000,262,0.00000,2.0000,2,0.000000,1.0000,0
800,1,12,704.86,58.738333,347,1.00000,3.7500,14,0.153648,7.8333,0
801,14,6,313.36,52.226667,334,0.00000,3.0000,8,0.064399,1.8333,0
802,9,10,434.72,43.472000,339,0.00000,3.1000,17,0.018403,2.1000,0
804,61,4,156.54,39.135000,287,0.00000,2.7500,8,0.000000,1.2500,0
807,1,32,392.03,12.250938,347,0.12500,1.9063,26,0.005127,1.2500,0
808,8,6,301.89,50.315000,340,0.00000,3.3333,8,0.043062,3.8333,1
810,30,13,491.29,37.791538,318,0.15385,2.0000,12,0.026461,1.8462,1
824,74,5,251.34,50.268000,273,0.80000,2.8000,8,0.152781,3.4000,1
826,5,3,128.77,42.923333,342,1.00000,1.6667,1,0.000000,4.0000,0
827,4,11,192.84,17.530909,343,0.00000,1.5455,5,0.041485,1.7273,0
828,28,9,368.07,40.896667,319,0.00000,6.3333,8,0.000000,2.2222,0
829,73,4,87.38,21.845000,274,1.00000,2.0000,5,0.167315,3.5000,0
830,4,16,649.02,40.563750,343,0.00000,3.0625,8,0.083356,2.2500,0
831,12,11,510.93,46.448182,335,1.00000,3.2727,11,0.119116,2.3636,0
832,2,11,846.15,76.922727,345,0.81818,3.9091,18,0.117355,4.5455,0
834,2,5,166.91,33.382000,345,0.60000,2.0000,8,0.000000,1.4000,1
835,78,6,450.15,75.025000,269,0.16667,4.5000,16,0.073309,9.5000,0
842,90,56,1296.39,23.149821,257,0.28571,2.9107,37,0.007714,3.1786,0
845,43,7,266.80,38.114286,304,0.42857,2.8571,9,0.052474,3.1429,0
847,34,3,107.00,35.666667,313,0.00000,2.0000,5,0.000000,1.3333,1
850,79,2,184.92,92.460000,267,1.00000,6.0000,4,0.068408,1.5000,1
854,21,4,246.33,61.582500,325,0.00000,3.5000,8,0.048715,4.2500,0
855,25,7,309.41,44.201429,321,0.85714,4.0000,9,0.097411,0.7143,0
856,7,3,223.47,74.490000,339,0.00000,2.6667,5,0.071106,0.6667,1
858,40,10,522.58,52.258000,306,0.90000,3.5000,18,0.009568,2.6000,0
859,1,6,89.88,14.980000,345,0.00000,1.0000,1,0.000000,0.0000,1
860,73,8,189.29,23.661250,273,1.00000,1.5000,5,0.000000,1.7500,0
861,12,6,201.98,33.663333,334,0.00000,4.8333,8,0.000000,0.3333,0
864,23,14,506.69,36.192143,323,0.14286,2.7857,15,0.158420,4.9286,0
871,2,14,367.76,26.268571,344,0.00000,1.7857,7,0.113960,1.9286,0
872,22,13,378.93,29.148462,324,0.00000,2.3077,6,0.005278,2.1538,0
874,4,6,319.41,53.235000,342,0.83333,4.1667,11,0.124104,1.1667,0
876,49,7,360.63,51.518571,297,0.14286,4.5714,10,0.038821,4.7143,1
877,19,39,700.04,17.949744,327,0.76923,1.8205,12,0.000000,2.3846,0
879,60,3,65.82,21.940000,286,0.00000,1.3333,4,0.081586,1.6667,0
881,2,6,298.67,49.778333,344,1.00000,2.6667,12,0.000000,1.1667,0
882,27,16,486.24,30.390000,319,1.00000,1.8750,14,0.008226,0.2500,0
883,82,10,437.55,43.755000,264,0.10000,4.1000,15,0.063993,1.4000,0
885,12,6,622.20,103.700000,334,1.00000,4.5000,11,0.100048,2.1667,1
888,3,5,92.74,18.548000,342,0.40000,2.4000,8,0.000000,1.6000,0
889,46,13,475.52,36.578462,299,0.46154,2.6923,16,0.008412,0.8462,0
893,89,5,223.09,44.618000,256,1.00000,3.0000,10,0.086288,3.4000,0
894,18,27,488.35,18.087037,327,0.55556,1.5185,16,0.018429,1.4444,0
895,16,17,425.84,25.049412,329,0.00000,2.4118,10,0.000000,0.2941,0
896,3,24,1234.02,51.417500,342,0.87500,2.6667,16,0.148944,1.1250,0
898,8,8,385.60,48.200000,337,1.00000,3.0000,13,0.145462,2.1250,0
901,23,17,964.89,56.758235,322,1.00000,2.8824,26,0.000000,0.9412,0
910,41,2,74.42,37.210000,304,0.00000,1.5000,3,0.122951,0.0000,0
912,56,8,331.90,41.487500,289,0.00000,2.5000,9,0.003013,2.0000,0
913,7,6,322.61,53.768333,338,1.00000,2.6667,7,0.148414,4.5000,1
914,42,5,106.46,21.292000,303,0.80000,1.0000,5,0.115536,2.0000,0
915,61,4,112.57,28.142500,284,1.00000,1.7500,5,0.087501,2.0000,0
916,8,13,459.62,35.355385,337,1.00000,1.3077,7,0.147948,0.9231,0
922,8,2,59.50,29.750000,337,0.50000,1.5000,3,0.000000,0.5000,1
923,13,20,601.03,30.051500,332,0.00000,1.6500,7,0.000000,1.1000,0
924,20,8,284.69,35.586250,325,0.00000,2.0000,8,0.077277,1.5000,0
925,68,7,132.29,18.898571,277,1.00000,1.0000,1,0.015118,1.8571,0
937,22,16,635.46,39.716250,323,0.00000,4.3125,13,0.100809,0.9375,0
939,68,3,89.34,29.780000,277,0.00000,2.0000,5,0.000000,1.3333,0
940,60,6,404.36,67.393333,285,0.00000,4.3333,10,0.053344,8.1667,1
949,82,7,174.24,24.891429,262,0.00000,2.2857,10,0.057392,1.5714,0
950,5,16,1074.88,67.180000,339,1.00000,5.2500,26,0.090122,7.3750,0
953,15,21,546.65,26.030952,329,1.00000,2.0000,3,0.000000,1.0000,0
956,3,48,1147.08,23.897500,341,0.12500,1.8958,38,0.026084,2.9583,0
957,77,9,239.68,26.631111,267,0.00000,1.7778,1,0.000000,0.0000,0
958,89,6,203.83,33.971667,255,0.66667,1.5000,8,0.029436,1.6667,0
959,1,15,567.14,37.809333,343,0.13333,2.9333,23,0.012343,2.4000,0
960,50,27,759.22,28.119259,294,0.03704,2.6296,23,0.000000,1.2593,0
962,84,5,184.65,36.930000,260,1.00000,2.0000,6,0.111346,2.2000,1
963,16,7,432.30,61.757143,328,1.00000,2.4286,7,0.034698,0.2857,0
965,11,10,336.47,33.647000,333,0.90000,1.8000,10,0.136595,0.8000,0
968,68,3,189.39,63.130000,276,1.00000,6.0000,7,0.000000,3.0000,1
971,1,27,1135.89,42.070000,343,0.81481,2.5556,17,0.055463,1.5185,0
974,2,8,177.22,22.152500,342,1.00000,1.2500,5,0.028214,3.1250,0
976,28,12,448.35,37.362500,316,0.66667,2.0000,7,0.136054,2.1667,0
980,3,18,498.20,27.677778,341,0.44444,2.5000,26,0.050181,1.8889,0
981,5,14,705.64,50.402857,339,0.85714,3.7857,6,0.056686,1.9286,0
982,27,2,68.88,34.440000,317,0.00000,1.5000,3,0.029036,7.0000,1
984,62,4,170.40,42.600000,282,0.00000,3.7500,9,0.000000,4.2500,1
987,10,33,538.52,16.318788,334,0.06061,2.0909,15,0.007428,1.3636,0
992,60,4,329.50,82.375000,283,1.00000,4.5000,10,0.000000,4.5000,0
996,85,4,237.04,59.260000,258,0.50000,2.7500,6,0.043031,3.2500,1
998,9,17,837.52,49.265882,334,1.00000,3.0588,21,0.189190,0.5882,0
999,15,45,1858.74,41.305333,328,1.00000,3.7333,42,0.031338,5.7556,0
1009,18,15,206.23,13.748667,325,0.00000,1.5333,4,0.019396,0.5333,0
1010,6,7,307.62,43.945714,337,0.57143,3.4286,11,0.107275,2.2857,0
1011,2,8,253.06,31.632500,341,0.00000,2.2500,8,0.000000,0.8750,0
1012,2,14,362.19,25.870714,341,0.71429,2.0000,6,0.000000,0.5000,0
1015,21,12,322.37,26.864167,322,0.16667,1.7500,10,0.068617,2.1667,0
1016,16,47,1101.01,23.425745,327,0.00000,1.6596,18,0.000000,0.8511,0
1025,21,2,63.46,31.730000,322,0.50000,2.5000,5,0.000000,1.0000,1
1028,1,16,500.91,31.306875,341,0.12500,2.3125,13,0.072947,1.0000,0
1029,84,2,33.17,16.585000,258,0.00000,1.0000,2,0.000000,1.0000,1
1033,10,30,593.53,19.784333,332,0.00000,1.3333,20,0.008424,1.8333,0
1037,13,10,419.95,41.995000,329,0.30000,3.1000,16,0.019050,1.7000,0
1038,34,5,97.49,19.498000,308,0.00000,3.0000,10,0.061545,2.0000,0
1039,27,9,553.58,61.508889,315,0.11111,9.8889,16,0.033094,5.3333,0
1040,71,6,167.99,27.998333,271,1.00000,2.0000,7,0.000000,1.3333,0
1041,23,7,237.02,33.860000,319,0.00000,3.7143,8,0.000000,1.0000,1
1042,86,13,551.05,42.388462,256,0.00000,3.5385,10,0.000000,0.2308,0
1043,49,11,417.87,37.988182,293,0.09091,2.2727,11,0.055783,2.2727,0
1044,20,6,304.90,50.816667,322,0.66667,2.5000,10,0.101673,2.0000,0
1045,8,12,349.69,29.140833,334,0.16667,2.0000,16,0.044611,1.0000,0
1048,22,6,345.93,57.655000,320,0.16667,3.3333,12,0.063597,3.1667,0
1049,29,7,193.93,27.704286,313,0.14286,2.1429,15,0.024751,2.5714,0
1050,1,9,222.01,24.667778,340,0.00000,2.8889,14,0.025224,0.5556,0
1051,9,25,527.22,21.088800,332,0.04000,2.4400,10,0.000000,2.4400,0
1053,15,16,422.09,26.380625,326,0.87500,1.9375,16,0.028667,1.7500,0
1055,79,4,115.56,28.890000,262,1.00000,2.0000,5,0.000000,2.0000,0
1056,15,15,657.59,43.839333,326,0.06667,2.6000,7,0.073754,0.8667,0
1057,71,17,770.88,45.345882,270,1.00000,3.6471,28,0.000000,1.4118,0
1058,30,9,198.79,22.087778,311,0.22222,1.4444,5,0.055335,0.6667,0
1060,44,6,348.26,58.043333,297,0.16667,3.5000,11,0.031586,3.1667,1
1062,74,4,162.31,40.577500,267,1.00000,2.7500,4,0.061610,1.5000,1
1065,50,15,593.31,39.554000,291,0.00000,2.8000,8,0.000000,0.7333,0
1066,43,7,456.79,65.255714,298,0.00000,4.7143,21,0.101075,6.8571,1
1067,77,6,236.10,39.350000,264,0.00000,4.1667,16,0.015417,1.5000,0
1072,24,15,445.85,29.723333,316,0.06667,2.4000,16,0.044858,0.8667,0
1074,12,5,168.73,33.746000,328,0.80000,1.4000,5,0.000000,2.0000,0
1083,71,5,192.60,38.520000,269,0.00000,1.6000,3,0.000000,4.0000,1
1085,86,3,82.93,27.643333,254,0.00000,1.6667,3,0.000000,1.0000,0
1090,34,7,240.21,34.315714,306,0.00000,2.7143,8,0.000000,0.5714,0
1091,42,6,181.09,30.181667,298,0.00000,2.3333,7,0.000000,1.3333,1
1093,9,2,51.56,25.780000,331,1.00000,1.5000,3,0.000000,0.5000,1
1094,15,28,1035.23,36.972500,325,0.64286,2.5714,18,0.000000,0.1786,0
1097,7,14,771.77,55.126429,333,0.64286,3.8571,12,0.139031,2.8571,0
1099,6,13,280.34,21.564615,334,0.30769,1.9231,4,0.000000,0.6923,0
1119,8,9,174.41,19.378889,331,0.00000,1.1111,4,0.000000,2.2222,0
1121,30,3,159.46,53.153333,309,0.66667,3.3333,7,0.068983,3.6667,1
1124,56,8,317.60,39.700000,283,0.00000,2.1250,9,0.101826,2.8750,0
1125,7,10,551.75,55.175000,332,1.00000,2.9000,12,0.151373,5.6000,0
1139,40,8,326.69,40.836250,298,0.25000,3.7500,23,0.000000,0.7500,0
1141,48,9,163.90,18.211111,290,0.00000,1.5556,9,0.030506,0.3333,0
1146,85,7,108.23,15.461429,253,0.00000,1.2857,4,0.009424,1.4286,0
1155,79,2,57.78,28.890000,259,0.50000,2.5000,4,0.000000,1.0000,1
1156,23,13,680.86,52.373846,315,1.00000,3.0000,10,0.085186,1.5385,0
1158,1,7,388.08,55.440000,337,0.00000,3.4286,15,0.041873,1.0000,0
1159,85,5,304.44,60.888000,253,0.00000,3.8000,8,0.124819,3.6000,0
1163,26,5,260.87,52.174000,312,0.40000,3.0000,10,0.019167,4.4000,0
1164,16,8,182.90,22.862500,322,0.00000,2.0000,5,0.005467,0.2500,1
1165,9,8,276.53,34.566250,329,0.00000,2.3750,5,0.086790,1.2500,0
1166,8,9,284.65,31.627778,330,0.44444,1.6667,7,0.052696,3.2222,0
1169,70,2,196.88,98.440000,268,0.00000,7.5000,7,0.000000,5.5000,1
1170,68,7,182.42,26.060000,270,0.00000,2.1429,7,0.021927,1.4286,0
1181,60,6,402.74,67.123333,278,0.00000,3.1667,10,0.091374,1.8333,0
1185,16,16,692.99,43.311875,322,0.68750,4.1250,21,0.105341,3.5625,0
1186,1,13,682.47,52.497692,337,0.00000,3.5385,15,0.093777,4.6923,0
1187,31,15,587.74,39.182667,307,0.93333,2.2667,8,0.037432,1.0000,0
1192,38,2,34.24,17.120000,300,0.50000,1.0000,2,0.000000,0.0000,1
1203,8,11,590.00,53.636364,329,0.72727,2.6364,13,0.122237,1.4545,0
1204,4,6,171.46,28.576667,333,0.16667,1.8333,6,0.116937,3.6667,0
1209,2,22,283.86,12.902727,335,0.04545,1.0455,7,0.010569,0.3182,0
1210,58,10,538.29,53.829000,279,1.00000,3.2000,10,0.151220,0.5000,1
1211,49,4,149.68,37.420000,288,0.00000,3.0000,6,0.095671,2.2500,0
1212,14,7,243.14,34.734286,323,1.00000,3.2857,8,0.115366,2.5714,1
1216,19,7,526.84,75.262857,318,1.00000,4.8571,10,0.000000,3.1429,0
1217,22,9,554.86,61.651111,315,0.00000,3.0000,10,0.094618,4.7778,0
1221,23,11,389.58,35.416364,314,0.90909,2.3636,12,0.064351,1.0909,0
1222,50,11,668.49,60.771818,287,1.00000,3.0909,14,0.154453,5.5455,0
1223,56,6,387.91,64.651667,281,0.66667,4.5000,13,0.100745,4.1667,0
1226,44,11,600.82,54.620000,293,1.00000,3.0909,14,0.128940,3.3636,0
1228,37,10,744.78,74.478000,300,1.00000,4.1000,18,0.133664,4.9000,0
1229,2,3,142.85,47.616667,335,0.00000,3.0000,6,0.000000,2.0000,0
1231,85,13,1115.90,85.838462,252,1.00000,4.6154,24,0.000000,3.4615,1
1232,6,4,77.04,19.260000,331,0.75000,1.0000,3,0.000000,0.0000,0
1236,30,16,703.14,43.946250,307,1.00000,2.6250,9,0.151606,3.3125,0
1240,1,5,153.01,30.602000,336,0.20000,2.2000,9,0.000000,1.6000,1
1241,53,7,230.18,32.882857,284,0.00000,2.1429,7,0.060996,2.7143,1
1243,32,2,74.27,37.135000,305,1.00000,2.0000,4,0.000000,0.0000,1
1244,32,9,136.96,15.217778,305,0.00000,1.0000,2,0.000000,0.7778,0
1245,57,9,375.25,41.694444,280,0.88889,3.1111,15,0.103211,2.4444,1
1246,1,9,565.36,62.817778,334,0.88889,7.2222,16,0.111893,7.8889,0
1250,14,11,1114.06,101.278182,321,1.00000,6.4545,13,0.035905,3.7273,0
1259,83,8,625.53,78.191250,252,0.25000,5.5000,18,0.014388,2.3750,1
1261,45,12,422.64,35.220000,290,0.83333,1.6667,10,0.101860,3.3333,0
1263,30,10,192.80,19.280000,305,0.00000,1.4000,3,0.021577,0.8000,0
1271,12,21,939.46,44.736190,323,0.04762,3.0952,33,0.000000,1.4762,0
1273,30,7,1365.38,195.054286,305,0.71429,10.0000,7,0.095651,3.2857,1
1283,6,5,231.14,46.228000,328,0.00000,2.6000,4,0.064896,4.8000,1
1284,14,11,300.01,27.273636,320,0.18182,1.7273,6,0.000000,1.1818,0
1291,38,9,265.28,29.475556,296,0.44444,2.1111,8,0.064083,3.0000,0
1292,31,9,269.55,29.950000,303,0.66667,1.8889,12,0.121128,1.2222,0
1295,67,6,133.17,22.195000,267,0.33333,2.3333,9,0.015018,1.1667,0
1296,34,4,186.61,46.652500,300,1.00000,2.7500,6,0.073951,2.2500,1
1298,10,2,61.26,30.630000,324,0.00000,3.0000,2,0.000000,2.0000,1
1300,16,3,60.66,20.220000,318,0.33333,1.6667,3,0.047478,0.0000,0
1305,18,7,440.50,62.928571,315,1.00000,5.7143,21,0.099886,3.7143,0
1306,4,12,384.31,32.025833,329,0.08333,2.6667,9,0.020817,0.5833,0
1315,12,11,264.15,24.013636,321,0.00000,2.0000,7,0.007571,0.6364,0
1320,4,21,801.43,38.163333,329,0.04762,5.8571,6,0.000000,1.8095,0
1322,46,2,42.10,21.050000,287,1.00000,1.5000,3,0.110451,1.0000,1
1323,13,11,322.07,29.279091,320,0.09091,2.7273,12,0.000000,1.9091,1
1327,85,10,292.58,29.258000,247,1.00000,2.9000,10,0.103049,2.3000,0
1328,18,11,292.14,26.558182,314,1.00000,1.4545,13,0.099267,0.4545,0
1333,16,7,267.87,38.267143,316,0.00000,3.5714,7,0.037332,3.1429,0
1334,50,3,73.00,24.333333,282,0.33333,3.0000,7,0.013699,1.3333,0
1335,16,11,455.39,41.399091,316,0.63636,3.0000,10,0.092997,4.6364,0
1337,1,8,229.36,28.670000,331,1.00000,1.5000,3,0.040940,1.0000,0
1340,85,3,96.39,32.130000,247,1.00000,2.3333,3,0.145243,2.3333,1
1341,17,14,820.26,58.590000,315,1.00000,3.1429,11,0.057299,3.2143,0
1346,11,10,547.70,54.770000,321,1.00000,3.3000,9,0.125233,4.0000,0
1348,32,15,1172.00,78.133333,300,0.93333,4.4667,25,0.058874,3.2667,0
1353,61,4,142.58,35.645000,271,0.75000,1.5000,4,0.021041,1.5000,1
1357,12,24,1194.31,49.762917,319,1.00000,2.6250,20,0.052750,0.9167,0
1364,46,18,319.92,17.773333,285,0.00000,1.7222,4,0.000000,2.0000,0
1367,37,14,273.80,19.557143,294,0.85714,1.2143,8,0.013550,1.2143,0
1369,15,23,1131.29,49.186522,316,1.00000,4.1739,16,0.032361,5.3913,0
1370,21,5,210.79,42.158000,310,0.00000,2.4000,9,0.000000,0.4000,0
1371,37,2,51.90,25.950000,294,1.00000,3.0000,4,0.000000,1.5000,0
1376,9,5,161.47,32.294000,322,0.20000,2.4000,11,0.000000,0.6000,1
1378,2,6,330.34,55.056667,329,1.00000,3.1667,11,0.041472,1.1667,0
1381,21,5,253.86,50.772000,310,1.00000,2.4000,4,0.091625,2.0000,0
1382,37,10,265.67,26.567000,294,0.00000,3.2000,9,0.011292,0.9000,0
1384,84,4,185.27,46.317500,247,0.50000,3.2500,10,0.053975,3.5000,1
1385,22,3,122.52,40.840000,309,0.00000,2.3333,2,0.000000,2.0000,1
1386,57,5,325.84,65.168000,274,0.00000,4.8000,9,0.046035,5.6000,0
1391,9,10,334.13,33.413000,322,0.10000,2.0000,7,0.112232,2.4000,0
1393,19,12,270.18,22.515000,312,0.00000,1.3333,9,0.000000,0.5833,0
1394,1,5,154.61,30.922000,330,0.00000,1.8000,5,0.000000,0.2000,0
1396,41,13,141.62,10.893846,290,0.00000,1.1538,10,0.000000,1.0769,0
1397,1,15,587.06,39.137333,330,0.40000,3.0000,16,0.050438,2.5333,0
1398,29,12,541.08,45.090000,302,0.00000,4.0000,13,0.036963,1.0000,1
1401,65,10,309.71,30.971000,266,0.90000,1.6000,5,0.016338,1.3000,0
1402,26,5,257.14,51.428000,305,1.00000,2.8000,4,0.000000,2.8000,1
1405,4,13,509.55,39.196154,327,0.00000,4.2308,19,0.068688,0.6923,0
1406,14,5,137.23,27.446000,317,0.00000,1.4000,5,0.029148,3.8000,1
1411,80,8,281.80,35.225000,251,0.12500,3.0000,12,0.000000,1.2500,0
1412,34,2,92.12,46.060000,297,0.00000,3.0000,6,0.108554,2.0000,1
1418,2,8,202.76,25.345000,328,0.00000,2.3750,10,0.056717,0.8750,1
1420,71,9,541.61,60.178889,259,0.00000,7.1111,11,0.036927,2.5556,0
1421,10,5,215.93,43.186000,320,0.00000,4.8000,8,0.013893,2.6000,0
1422,49,5,140.17,28.034000,281,0.00000,1.8000,4,0.000000,1.0000,0
1423,21,21,675.67,32.174762,309,0.04762,4.5238,16,0.039960,0.5714,0
1427,58,3,170.67,56.890000,272,0.00000,3.6667,5,0.000000,4.0000,1
1428,71,4,207.65,51.912500,259,1.00000,3.2500,8,0.105948,1.2500,0
1430,31,9,286.88,31.875556,299,0.44444,2.1111,13,0.006972,2.0000,0
1431,74,6,370.40,61.733333,256,1.00000,4.1667,14,0.000000,4.0000,0
1432,30,11,383.82,34.892727,300,0.90909,2.0909,8,0.048877,1.3636,1
1433,51,4,98.97,24.742500,279,0.00000,1.2500,3,0.000000,0.7500,0
1435,22,5,292.48,58.496000,308,0.40000,3.0000,5,0.034190,1.8000,0
1438,2,12,601.06,50.088333,328,1.00000,4.2500,14,0.129937,4.4167,0
1439,10,35,1260.23,36.006571,320,0.17143,3.6857,34,0.011903,2.0000,0
1444,27,7,828.43,118.347143,303,0.85714,6.8571,11,0.071328,8.7143,0
1445,6,7,602.26,86.037143,324,1.00000,4.5714,12,0.100123,4.7143,0
1446,23,8,326.14,40.767500,307,0.00000,2.7500,9,0.067456,3.6250,1
1453,18,3,214.70,71.566667,312,0.00000,5.3333,8,0.065533,2.0000,1
1454,70,5,196.60,39.320000,260,0.00000,2.2000,10,0.020346,1.4000,0
1459,7,9,405.99,45.110000,322,0.88889,2.8889,9,0.123008,2.6667,0
1461,13,3,185.64,61.880000,316,0.00000,3.3333,5,0.000000,4.6667,0
1462,3,56,1529.75,27.316964,326,0.76786,2.4643,22,0.000000,0.9464,0
1464,50,9,206.51,22.945556,279,0.00000,1.3333,3,0.000000,2.1111,0
1468,7,5,365.75,73.150000,322,1.00000,3.4000,7,0.090144,6.2000,0
1470,23,18,874.67,48.592778,306,1.00000,2.3889,14,0.000000,3.5000,0
1471,50,9,431.53,47.947778,279,0.77778,2.2222,4,0.163140,1.3333,0
1472,2,12,538.35,44.862500,327,0.00000,2.4167,8,0.036036,2.5833,0
1473,79,2,52.36,26.180000,250,0.50000,1.5000,3,0.000000,1.5000,1
1483,49,7,219.80,31.400000,280,0.28571,2.8571,11,0.026388,2.0000,1
1489,82,7,102.51,14.644286,246,0.00000,2.2857,8,0.029265,0.5714,0
1494,22,7,204.37,29.195714,306,0.85714,1.8571,7,0.000000,0.0000,0
1495,14,11,349.97,31.815455,314,0.72727,2.0000,6,0.095580,2.1818,0
1496,24,16,506.28,31.642500,304,0.62500,2.6875,11,0.016256,7.6250,0
1498,13,11,545.84,49.621818,315,0.18182,2.9091,12,0.035157,2.5455,0
1504,57,10,241.56,24.156000,271,0.00000,1.8000,5,0.000000,2.8000,1
1506,23,8,230.69,28.836250,305,0.62500,1.8750,8,0.021674,1.3750,0
1509,2,34,375.15,11.033824,325,0.00000,1.9706,7,0.000000,0.7059,0
1510,48,2,42.31,21.155000,279,1.00000,1.0000,2,0.000000,2.0000,1
1513,21,4,205.92,51.480000,306,0.00000,2.7500,5,0.114025,4.0000,1
1514,36,20,921.52,46.076000,291,0.25000,3.1500,19,0.008681,5.3000,0
1520,12,13,327.28,25.175385,315,1.00000,1.6154,9,0.036666,1.6154,0
1521,48,7,389.26,55.608571,279,1.00000,2.5714,7,0.189077,3.7143,0
1526,8,5,124.60,24.920000,319,1.00000,2.4000,8,0.000000,1.2000,0
1539,33,11,344.54,31.321818,293,0.00000,2.0909,5,0.000000,1.2727,0
1540,74,3,91.46,30.486667,252,0.66667,7.3333,6,0.087470,4.3333,1
1543,51,11,543.62,49.420000,275,0.09091,5.0909,15,0.020235,2.0909,0
1550,34,4,208.06,52.015000,292,0.00000,3.0000,8,0.076901,1.5000,1
1553,39,5,515.21,103.042000,287,1.00000,5.2000,11,0.154209,8.2000,0
1564,49,2,103.83,51.915000,276,1.00000,2.0000,4,0.134354,3.0000,0
1570,76,7,297.70,42.528571,249,0.28571,3.0000,13,0.116728,3.0000,1
1572,9,8,410.53,51.316250,316,0.87500,3.8750,13,0.012179,2.7500,0
1573,23,6,218.36,36.393333,302,0.00000,2.6667,10,0.064114,1.0000,0
1575,64,4,94.69,23.672500,261,0.00000,1.5000,3,0.000000,1.7500,0
1580,74,6,175.81,29.301667,251,0.50000,1.5000,7,0.000000,0.3333,0
1581,61,11,351.59,31.962727,264,0.45455,2.5455,5,0.032225,0.2727,1
1582,25,3,114.86,38.286667,300,0.00000,1.6667,2,0.087063,1.6667,0
1584,34,4,504.71,126.177500,290,0.75000,5.7500,4,0.019813,2.0000,0
1596,64,2,71.42,35.710000,260,0.00000,2.5000,4,0.000000,2.5000,0
1599,51,9,326.87,36.318889,273,0.00000,2.0000,6,0.000000,1.3333,1
1606,16,6,216.52,36.086667,308,1.00000,2.1667,8,0.105533,2.3333,1
1608,48,8,337.38,42.172500,276,0.00000,2.6250,12,0.065208,2.0000,1
1611,9,4,160.42,40.105000,315,0.25000,3.0000,8,0.075489,1.5000,0
1615,8,12,530.02,44.168333,316,0.33333,2.1667,11,0.090563,1.1667,0
1616,23,4,237.16,59.290000,301,1.00000,3.0000,6,0.151796,2.2500,0
1617,32,9,288.77,32.085556,292,0.00000,2.4444,13,0.114416,1.3333,0
1618,21,13,554.88,42.683077,303,0.38462,2.7692,11,0.056859,1.5385,0
1619,22,6,349.41,58.235000,302,1.00000,3.6667,8,0.000000,1.3333,0
1622,46,5,126.80,25.360000,278,0.00000,2.0000,6,0.000000,1.0000,0
1626,11,7,276.71,39.530000,313,0.28571,2.0000,2,0.090347,5.5714,0
1633,68,4,105.39,26.347500,256,0.00000,1.5000,3,0.000000,1.7500,0
1635,8,3,116.14,38.713333,315,0.66667,2.0000,2,0.060272,2.6667,1
1636,22,8,199.02,24.877500,301,0.00000,1.6250,6,0.000000,0.2500,1
1644,85,2,137.86,68.930000,238,0.00000,3.0000,5,0.122951,4.5000,1
1648,37,5,257.20,51.440000,286,1.00000,4.0000,8,0.142963,2.4000,0
1650,36,7,441.13,63.018571,287,1.00000,3.4286,8,0.084329,7.4286,0
1655,67,2,79.83,39.915000,256,0.00000,2.0000,3,0.075160,1.0000,1
1658,23,4,187.88,46.970000,300,1.00000,2.5000,6,0.122898,5.5000,1
1672,6,24,761.59,31.732917,316,0.95833,3.0000,20,0.031513,1.5417,0
1674,40,5,159.60,31.920000,282,0.80000,2.0000,6,0.056391,1.6000,0
1675,26,6,169.86,28.310000,296,0.50000,2.0000,6,0.000000,0.0000,1
1683,24,5,329.92,65.984000,298,1.00000,3.2000,9,0.137306,0.4000,0
1686,14,6,330.84,55.140000,308,0.16667,3.0000,9,0.088260,2.5000,0
1692,25,13,247.17,19.013077,297,0.00000,1.8462,10,0.000000,3.1538,0
1697,1,12,632.32,52.693333,321,0.33333,3.2500,19,0.081446,1.1667,1
1702,41,4,73.40,18.350000,280,0.00000,3.2500,6,0.000000,2.0000,0
1704,58,3,189.42,63.140000,263,0.33333,4.3333,9,0.000000,3.0000,0
1708,43,3,161.55,53.850000,278,0.66667,3.0000,8,0.024760,4.0000,1
1709,18,7,349.97,49.995714,303,0.14286,5.0000,11,0.020859,5.0000,0
1710,29,2,43.60,21.800000,292,0.50000,1.5000,3,0.000000,1.0000,1
1711,64,7,104.86,14.980000,257,0.00000,1.0000,1,0.000000,1.0000,0
1714,61,3,138.87,46.290000,260,0.00000,3.3333,6,0.094693,1.6667,0
1715,30,8,387.48,48.435000,291,0.62500,4.8750,13,0.091437,2.0000,0
1716,79,4,224.58,56.145000,242,0.75000,3.7500,11,0.097115,3.5000,0
1717,31,7,288.95,41.278571,290,1.00000,2.7143,8,0.019034,1.2857,0
1720,57,6,214.82,35.803333,264,0.16667,2.1667,6,0.088446,3.0000,0
1722,68,5,84.70,16.940000,253,0.00000,1.0000,1,0.115702,2.0000,1
1739,77,3,193.80,64.600000,243,1.00000,3.3333,7,0.000000,2.3333,1
1741,44,16,585.05,36.565625,276,0.12500,2.3125,7,0.021537,1.9375,0
1744,28,14,391.24,27.945714,292,0.14286,1.8571,10,0.053727,3.0000,1
1748,51,3,66.20,22.066667,269,0.00000,1.0000,1,0.030211,0.0000,1
1754,1,48,986.31,20.548125,319,0.06250,2.7500,22,0.009206,3.8750,0
1755,31,15,234.73,15.648667,289,0.06667,1.3333,5,0.066630,0.6667,0
1756,73,4,120.65,30.162500,247,0.50000,2.7500,7,0.068794,1.2500,1
1758,37,12,133.94,11.161667,282,0.00000,2.0833,14,0.007466,0.0833,0
1762,21,9,435.27,48.363333,298,0.22222,4.3333,18,0.016082,3.4444,0
1767,8,6,319.98,53.330000,311,1.00000,3.3333,9,0.107444,2.0000,0
1770,76,5,98.77,19.754000,243,0.80000,1.0000,3,0.000000,1.2000,1
1773,43,3,118.95,39.650000,275,0.00000,3.0000,6,0.055485,1.3333,1
1780,5,6,289.39,48.231667,313,0.50000,4.0000,13,0.084246,2.0000,0
1783,32,6,207.84,34.640000,286,1.00000,3.0000,10,0.024057,3.1667,1
1788,72,6,276.68,46.113333,246,0.16667,2.8333,3,0.032529,2.5000,0
1794,38,17,450.48,26.498824,279,0.00000,2.5294,16,0.000000,0.4706,0
1802,50,5,124.12,24.824000,267,0.00000,1.6000,4,0.000000,1.2000,1
1805,33,4,202.74,50.685000,284,1.00000,2.5000,5,0.100128,4.7500,0
1808,86,13,522.70,40.207692,231,0.00000,2.2308,7,0.000000,1.2308,0
1810,56,4,124.05,31.012500,261,0.75000,3.2500,8,0.140830,2.2500,1
1813,10,4,168.77,42.192500,307,0.00000,2.0000,4,0.159981,0.5000,0
1817,22,5,233.09,46.618000,295,1.00000,3.2000,10,0.143850,2.2000,1
1828,37,3,280.83,93.610000,280,0.33333,6.0000,4,0.108429,1.6667,1
1830,8,3,146.79,48.930000,309,1.00000,2.0000,4,0.000000,2.0000,0
1836,16,7,239.41,34.201429,301,0.57143,1.8571,8,0.121758,1.7143,0
1838,76,5,96.96,19.392000,241,0.00000,2.4000,3,0.020627,1.6000,1
1840,32,7,260.28,37.182857,284,1.00000,2.1429,9,0.009221,1.0000,0
1843,44,5,154.66,30.932000,272,0.20000,2.4000,6,0.045261,1.4000,0
1846,53,6,238.42,39.736667,263,0.00000,2.3333,6,0.075497,2.1667,1
1848,42,11,276.97,25.179091,274,1.00000,1.3636,4,0.173304,1.8182,0
1851,16,3,191.08,63.693333,300,1.00000,3.0000,6,0.000000,7.0000,0
1853,8,11,444.20,40.381818,308,0.72727,2.0909,10,0.156911,2.1818,0
1856,69,4,332.01,83.002500,247,1.00000,4.0000,12,0.170929,8.2500,0
1857,25,6,246.60,41.100000,291,0.16667,2.1667,5,0.101379,1.6667,0
1858,21,6,284.12,47.353333,295,0.83333,2.8333,10,0.052795,2.5000,1
1861,64,10,352.83,35.283000,252,0.70000,1.8000,8,0.152340,1.5000,0
1864,23,5,134.21,26.842000,293,1.00000,2.2000,7,0.000000,0.6000,0
1867,50,6,48.14,8.023333,266,0.16667,1.3333,5,0.000000,0.1667,0
1868,62,15,993.27,66.218000,254,0.33333,5.5333,20,0.067484,2.0667,0
1878,32,7,449.85,64.264286,283,0.00000,9.1429,14,0.011115,3.0000,0
1879,39,10,386.27,38.627000,276,0.00000,4.4000,14,0.000000,0.4000,0
1884,87,5,312.72,62.544000,228,0.40000,3.2000,13,0.040260,0.2000,0
1885,21,17,734.02,43.177647,294,0.00000,6.8235,15,0.047737,1.7059,0
1886,70,5,162.11,32.422000,245,0.40000,1.8000,8,0.000000,2.6000,1
1887,34,8,633.43,79.178750,281,1.00000,4.1250,17,0.017366,2.2500,0
1890,8,4,413.14,103.285000,307,0.75000,6.0000,7,0.093528,4.2500,0
1898,24,4,121.21,30.302500,291,1.00000,1.5000,2,0.000000,0.2500,0
1906,13,9,435.52,48.391111,302,0.00000,4.6667,15,0.070674,2.1111,0
1913,1,4,141.18,35.295000,314,0.25000,5.2500,8,0.035416,4.5000,0
1918,5,2,86.13,43.065000,309,0.00000,2.0000,1,0.000000,3.0000,1
1921,70,6,202.86,33.810000,244,0.50000,2.8333,9,0.016267,1.6667,1
1922,67,5,142.58,28.516000,247,0.00000,3.2000,2,0.000000,0.0000,0
1923,77,2,47.59,23.795000,237,1.00000,1.0000,2,0.063038,2.0000,1
1925,36,8,545.00,68.125000,278,0.62500,4.0000,19,0.000000,1.8750,0
1928,7,5,244.98,48.996000,307,0.00000,3.2000,8,0.077353,2.8000,0
1929,75,2,63.27,31.635000,239,1.00000,3.5000,6,0.099415,5.5000,0
1930,44,3,126.88,42.293333,270,0.33333,2.3333,4,0.031526,3.6667,1
1934,11,3,126.14,42.046667,303,0.33333,2.6667,6,0.075313,5.3333,1
1935,43,2,68.93,34.465000,271,0.00000,2.5000,3,0.130567,1.0000,0
1942,12,15,315.98,21.065333,301,0.00000,2.0000,21,0.057757,1.2000,0
1943,87,23,561.20,24.400000,226,0.00000,1.9130,12,0.000000,0.6522,1
1952,86,5,80.25,16.050000,227,0.00000,1.6000,2,0.000000,1.0000,0
1958,40,16,188.32,11.770000,272,0.00000,1.3750,3,0.000000,3.1250,0
1962,88,4,314.63,78.657500,224,1.00000,3.2500,8,0.153196,7.0000,0
1964,9,9,362.56,40.284444,303,0.66667,2.8889,9,0.114629,1.4444,0
1967,31,6,515.88,85.980000,281,0.66667,4.5000,15,0.100857,5.5000,0
1969,87,2,110.21,55.105000,225,0.00000,5.0000,6,0.000000,1.5000,1
1976,53,4,91.31,22.827500,259,0.25000,2.2500,5,0.027379,1.2500,0
1983,14,10,590.96,59.096000,297,0.70000,2.5000,15,0.080208,0.6000,1
1984,48,7,168.26,24.037143,263,0.00000,1.7143,8,0.000000,1.8571,0
1994,64,2,35.32,17.660000,247,0.00000,3.5000,4,0.000000,0.0000,0
1995,26,11,356.43,32.402727,285,0.63636,2.3636,9,0.122941,4.4545,0
1997,26,3,205.42,68.473333,285,0.33333,5.0000,10,0.038945,2.6667,0
1998,60,8,333.42,41.677500,251,0.00000,3.5000,16,0.017995,0.3750,0
1999,13,8,423.75,52.968750,298,1.00000,4.6250,27,0.010973,0.8750,0
2003,72,7,378.93,54.132857,239,1.00000,2.7143,7,0.000000,2.2857,0
2006,54,12,348.73,29.060833,257,0.16667,2.0833,11,0.025808,2.8333,0
2009,13,17,392.26,23.074118,297,0.41176,2.0588,9,0.035691,1.9412,0
2011,61,10,196.85,19.685000,249,0.00000,1.8000,7,0.000000,0.7000,1
2015,68,2,50.29,25.145000,242,0.00000,2.0000,4,0.000000,2.0000,1
2016,16,15,444.58,29.638667,294,0.26667,1.8000,7,0.084709,1.2667,1
2021,9,11,762.20,69.290909,301,1.00000,3.8182,12,0.026240,5.8182,0
2022,58,12,421.43,35.119167,252,0.33333,2.2500,9,0.045085,4.5000,0
2030,44,9,288.34,32.037778,266,0.00000,1.3333,3,0.027745,3.5556,0
2032,12,8,252.71,31.588750,298,0.12500,1.7500,4,0.000000,1.0000,1
2037,70,9,402.57,44.730000,240,1.00000,2.0000,4,0.047197,1.0000,1
2039,23,8,174.40,21.800000,287,1.00000,2.0000,5,0.000000,2.0000,1
2040,15,12,238.07,19.839167,295,0.00000,1.3333,7,0.000000,2.3333,0
2041,70,8,354.11,44.263750,240,0.87500,2.8750,10,0.031544,2.0000,0
2044,49,3,126.42,42.140000,261,0.66667,1.6667,3,0.102832,3.3333,1
2046,44,3,142.43,47.476667,266,1.00000,2.3333,6,0.090922,4.0000,0
2047,56,2,90.60,45.300000,254,0.00000,2.0000,2,0.055188,4.5000,1
2050,10,12,279.92,23.326667,299,0.08333,4.5000,13,0.035724,2.0833,0
2055,15,4,85.25,21.312500,294,0.00000,2.2500,5,0.058651,1.2500,0
2057,65,3,156.20,52.066667,244,0.00000,3.3333,7,0.038412,3.0000,0
2059,58,3,76.08,25.360000,251,0.00000,1.6667,2,0.078864,0.3333,0
2069,15,4,126.53,31.632500,294,0.00000,3.0000,6,0.000000,0.0000,1
2070,3,2,56.36,28.180000,306,0.00000,1.5000,1,0.088715,1.0000,1
2072,30,9,401.79,44.643333,279,1.00000,2.5556,12,0.159785,1.2222,0
2073,4,14,289.54,20.681429,305,0.14286,1.1429,2,0.020723,1.2143,0
2079,72,4,281.72,70.430000,237,1.00000,4.0000,9,0.000000,2.5000,0
2094,30,4,235.00,58.750000,278,0.00000,7.2500,8,0.082468,1.0000,0
2104,69,10,276.26,27.626000,239,0.20000,1.9000,12,0.003620,1.2000,0
2105,15,15,517.08,34.472000,293,0.00000,2.4667,9,0.000000,0.2000,0
2113,1,8,218.96,27.370000,307,0.37500,2.3750,8,0.036536,0.5000,0
2117,4,5,99.90,19.980000,303,1.00000,2.0000,4,0.250250,2.0000,0
2121,1,12,310.00,25.833333,306,0.16667,1.8333,12,0.043903,0.9167,0
2123,18,5,112.86,22.572000,289,0.00000,1.0000,1,0.070884,2.2000,0
2124,14,10,448.41,44.841000,293,0.10000,3.0000,16,0.029928,6.5000,1
2128,29,2,42.26,21.130000,278,0.00000,1.5000,3,0.000000,1.5000,1
2129,5,5,78.52,15.704000,302,0.00000,1.0000,3,0.025471,2.0000,0
2130,89,4,62.06,15.515000,218,0.00000,1.5000,6,0.000000,0.7500,0
2135,4,9,331.71,36.856667,303,0.00000,3.1111,12,0.000000,1.1111,0
2137,47,5,233.17,46.634000,259,0.80000,2.4000,6,0.036025,1.0000,1
2142,3,2,28.68,14.340000,303,0.00000,2.0000,3,0.104603,3.0000,1
2143,88,9,354.69,39.410000,218,0.00000,3.3333,17,0.000000,1.1111,0
2145,67,8,238.28,29.785000,239,0.00000,2.0000,10,0.035672,0.7500,1
2147,1,18,668.21,37.122778,305,0.44444,3.3889,17,0.067254,1.8333,0
2148,21,18,820.50,45.583333,285,0.66667,2.6111,27,0.139305,0.5000,0
2153,26,9,198.74,22.082222,278,0.33333,1.2222,8,0.000000,0.4444,0
2158,24,8,414.62,51.827500,280,1.00000,3.7500,12,0.000000,1.3750,0
2159,41,6,380.47,63.411667,263,0.83333,3.5000,8,0.076222,1.6667,1
2162,21,4,285.06,71.265000,283,0.00000,3.7500,8,0.031572,4.7500,0
2163,36,8,416.78,52.097500,268,0.00000,2.6250,7,0.035990,4.2500,0
2167,43,3,169.49,56.496667,261,1.00000,2.3333,5,0.103546,5.3333,1
2169,15,2,70.45,35.225000,289,0.00000,2.5000,5,0.164656,2.0000,0
2170,4,4,92.40,23.100000,300,0.00000,1.2500,3,0.064935,0.0000,0
2172,47,3,70.62,23.540000,257,0.00000,1.0000,1,0.000000,2.3333,1
2173,41,7,265.36,37.908571,263,0.85714,2.4286,10,0.074616,2.5714,1
2176,26,3,86.67,28.890000,278,0.00000,1.6667,4,0.000000,0.6667,0
2189,84,2,55.73,27.865000,219,0.00000,2.5000,5,0.059214,3.0000,0
2193,75,7,288.81,41.258571,228,0.00000,3.0000,12,0.031162,2.4286,0
2199,16,10,431.00,43.100000,287,1.00000,2.2000,11,0.124826,1.3000,0
2204,1,5,165.78,33.156000,302,0.00000,2.0000,6,0.006032,1.4000,1
2206,19,14,789.87,56.419286,284,0.92857,3.5000,11,0.006330,7.4286,0
2207,2,4,81.32,20.330000,301,0.00000,1.0000,1,0.000000,2.0000,1
2210,30,2,116.18,58.090000,273,0.00000,4.0000,5,0.141160,1.0000,1
2214,23,3,189.58,63.193333,280,0.00000,5.3333,8,0.026374,3.0000,1
2232,64,3,183.76,61.253333,239,0.33333,3.0000,3,0.021768,3.3333,0
2234,1,15,712.20,47.480000,302,1.00000,3.6000,9,0.134976,4.9333,0
2235,42,4,153.41,38.352500,261,0.75000,2.2500,2,0.000000,1.7500,1
2237,60,8,116.64,14.580000,243,0.00000,2.2500,11,0.000000,0.7500,0
2241,6,6,210.51,35.085000,297,0.50000,4.0000,13,0.035723,1.3333,0
2243,50,7,313.55,44.792857,252,0.00000,2.5714,13,0.122947,2.7143,0
2245,65,8,248.26,31.032500,237,0.12500,2.0000,6,0.000000,0.2500,0
2249,18,11,232.77,21.160909,284,0.09091,1.5455,7,0.038665,2.5455,0
2251,33,2,44.94,22.470000,269,0.00000,1.5000,2,0.000000,0.5000,0
2252,17,4,209.47,52.367500,285,1.00000,6.2500,9,0.000000,3.0000,1
2254,11,7,242.77,34.681429,291,0.00000,2.4286,6,0.136137,3.5714,0
2257,15,7,367.77,52.538571,287,0.85714,3.1429,10,0.000000,2.8571,1
2260,78,13,288.79,22.214615,224,0.46154,1.4615,5,0.070778,1.7692,0
2264,61,5,166.65,33.330000,241,0.40000,2.2000,4,0.000000,0.6000,0
2265,14,5,94.81,18.962000,288,0.60000,1.2000,2,0.063284,0.8000,0
2266,14,5,152.73,30.546000,288,0.00000,2.2000,8,0.006940,1.2000,0
2268,13,5,108.87,21.774000,289,0.00000,1.4000,4,0.000000,2.0000,0
2269,56,7,185.97,26.567143,246,0.71429,1.7143,4,0.016132,1.5714,0
2270,40,4,188.07,47.017500,262,1.00000,3.0000,9,0.000000,2.5000,1
2273,42,2,5.88,2.940000,260,0.00000,1.0000,2,0.000000,0.0000,1
2274,24,4,120.15,30.037500,278,0.00000,2.7500,9,0.082730,0.2500,0
2276,15,2,90.95,45.475000,287,1.00000,4.0000,4,0.000000,0.0000,1
2278,28,4,114.14,28.535000,274,1.00000,2.5000,6,0.043806,0.2500,1
2281,22,21,2558.63,121.839524,279,0.71429,12.9048,20,0.000000,2.1429,0
2288,20,8,353.34,44.167500,281,0.37500,2.8750,9,0.020122,2.0000,0
2289,52,8,415.76,51.970000,249,0.00000,5.6250,10,0.056090,2.8750,0
2291,36,5,148.73,29.746000,265,0.80000,1.8000,8,0.000000,0.8000,0
2296,62,4,236.39,59.097500,239,1.00000,3.2500,12,0.108296,4.7500,1
2299,41,4,193.14,48.285000,260,0.00000,3.2500,9,0.000000,1.5000,0
2300,43,6,405.81,67.635000,258,0.83333,3.5000,7,0.078485,4.8333,0
2301,27,5,180.58,36.116000,274,0.20000,5.0000,11,0.036494,0.8000,0
2311,25,9,470.08,52.231111,275,0.11111,2.5556,9,0.120809,3.1111,0
2318,34,10,233.13,23.313000,265,0.00000,2.2000,2,0.072921,2.3000,0
2320,16,14,410.85,29.346429,283,0.28571,3.4286,13,0.013509,0.7143,0
2328,58,7,232.69,33.241429,241,0.85714,2.8571,3,0.068331,3.1429,1
2335,12,13,2138.00,164.461538,286,1.00000,9.9231,32,0.060875,5.7692,0
2342,57,3,201.38,67.126667,241,0.33333,5.0000,8,0.000000,1.6667,1
2344,36,2,134.82,67.410000,262,0.00000,4.0000,5,0.000000,4.0000,1
2348,2,4,190.92,47.730000,296,1.00000,2.7500,7,0.041902,3.0000,0
2350,4,27,610.35,22.605556,294,0.40741,1.5926,10,0.020152,0.6296,0
2352,19,4,115.56,28.890000,279,0.00000,1.5000,4,0.000000,0.0000,0
2356,30,3,187.23,62.410000,267,1.00000,5.0000,8,0.053410,6.6667,0
2358,6,5,223.08,44.616000,291,0.60000,3.4000,17,0.026896,1.8000,1
2374,21,4,181.93,45.482500,276,1.00000,2.7500,8,0.141263,4.5000,0
2375,70,6,241.88,40.313333,227,0.16667,1.8333,4,0.009095,0.0000,1
2378,44,4,82.97,20.742500,253,0.00000,1.2500,2,0.084368,1.2500,1
2385,77,8,150.78,18.847500,219,0.00000,1.2500,5,0.033161,1.3750,0
2390,2,14,758.47,54.176429,294,1.00000,2.7857,11,0.000000,2.0714,0
2395,84,4,151.38,37.845000,212,0.50000,2.5000,7,0.019818,2.0000,0
2406,83,5,88.27,17.654000,213,0.00000,1.8000,8,0.000000,0.8000,0
2408,8,7,176.62,25.231429,287,0.00000,2.2857,3,0.124561,1.5714,0
2410,78,33,3474.17,105.277879,217,0.90909,9.7576,28,0.006908,3.2121,1
2413,13,5,154.06,30.812000,282,0.20000,1.8000,2,0.025964,2.0000,0
2416,2,4,83.46,20.865000,293,0.00000,1.7500,3,0.000000,0.0000,1
2417,65,7,494.93,70.704286,230,1.00000,3.8571,6,0.000000,1.4286,0
2427,62,3,58.44,19.480000,233,0.00000,1.0000,1,0.121150,0.6667,0
2432,64,8,172.99,21.623750,231,0.00000,2.0000,4,0.028903,0.1250,0
2437,60,6,149.92,24.986667,235,0.16667,2.6667,6,0.013340,0.0000,0
2443,14,2,376.20,188.100000,280,1.00000,10.5000,13,0.000000,3.0000,1
2445,38,2,40.12,20.060000,256,0.50000,1.5000,3,0.079761,1.0000,1
2449,8,6,119.56,19.926667,286,0.00000,1.3333,2,0.033456,0.6667,0
2459,29,9,239.73,26.636667,265,0.88889,1.4444,3,0.082801,0.4444,0
2461,57,2,27.18,13.590000,237,0.00000,2.0000,3,0.055188,1.0000,1
2462,61,12,197.42,16.451667,233,0.00000,1.7500,8,0.000000,1.0833,1
2463,52,9,361.38,40.153333,242,0.00000,2.2222,10,0.085090,0.4444,0
2469,2,14,538.93,38.495000,291,0.07143,3.0000,9,0.000000,0.2143,0
2472,1,5,273.59,54.718000,292,0.80000,2.6000,7,0.137615,2.4000,0
2474,37,6,223.89,37.315000,256,0.00000,4.3333,11,0.000000,2.8333,0
2482,61,5,174.88,34.976000,232,1.00000,1.2000,5,0.180124,3.4000,0
2485,44,7,188.05,26.864286,248,0.42857,2.1429,11,0.000000,0.4286,0
2491,54,3,131.26,43.753333,238,0.33333,3.3333,7,0.000000,4.0000,1
2495,89,3,51.58,17.193333,203,0.00000,1.0000,2,0.087243,0.3333,0
2497,8,7,126.85,18.121429,284,0.00000,1.2857,3,0.023650,0.2857,0
2503,13,14,531.24,37.945714,279,0.07143,5.9286,11,0.000000,0.2857,0
2505,38,2,35.85,17.925000,254,0.00000,3.5000,5,0.000000,0.5000,0
2511,82,4,156.63,39.157500,209,1.00000,2.0000,8,0.122135,2.0000,0
2514,5,23,689.42,29.974783,286,0.73913,1.6522,12,0.084129,0.6087,0
2516,27,2,76.69,38.345000,264,0.50000,2.5000,5,0.065198,1.5000,1
2521,41,4,68.80,17.200000,249,0.25000,2.2500,7,0.047238,1.2500,0
2522,9,6,145.84,24.306667,281,0.16667,2.0000,10,0.013714,0.5000,0
2523,13,8,480.56,60.070000,277,0.62500,5.1250,22,0.097428,6.1250,0
2524,44,4,195.55,48.887500,246,0.25000,3.5000,8,0.000000,4.7500,1
2526,86,6,275.27,45.878333,204,1.00000,5.1667,6,0.000000,0.8333,0
2527,23,3,91.98,30.660000,267,0.66667,1.3333,3,0.035877,0.3333,1
2531,86,3,63.50,21.166667,204,0.00000,1.0000,2,0.157480,0.0000,0
2532,20,11,524.43,47.675455,270,0.00000,4.1818,14,0.000000,3.3636,1
2534,5,9,609.90,67.766667,284,1.00000,4.2222,19,0.128759,3.5556,0
2535,9,2,46.08,23.040000,280,0.00000,3.5000,5,0.094184,3.0000,1
2537,8,15,297.92,19.861333,281,0.86667,1.2000,5,0.000000,0.2667,0
2541,81,2,79.97,39.985000,208,0.50000,2.5000,3,0.000000,1.0000,1
2543,37,2,272.19,136.095000,252,0.00000,9.0000,9,0.087990,10.0000,1
2544,60,6,379.69,63.281667,229,0.66667,4.8333,10,0.106666,1.8333,0
2545,2,2,118.43,59.215000,287,1.00000,3.5000,4,0.000000,3.5000,0
2562,37,5,318.79,63.758000,252,0.60000,4.2000,12,0.105493,2.6000,0
2564,19,2,55.01,27.505000,270,0.00000,3.5000,4,0.127250,1.5000,1
2565,1,9,830.34,92.260000,288,0.88889,7.6667,10,0.115688,13.6667,0
2566,60,3,135.10,45.033333,229,0.00000,2.3333,2,0.108956,5.3333,0
2567,70,10,620.16,62.016000,219,0.50000,3.1000,22,0.014512,1.7000,1
2577,5,6,292.64,48.773333,284,1.00000,4.5000,13,0.000000,1.6667,1
2581,41,5,129.05,25.810000,248,0.00000,1.8000,7,0.046494,1.2000,0
2584,14,5,152.47,30.494000,275,0.80000,1.8000,6,0.017512,3.4000,0
2592,60,3,90.95,30.316667,228,0.00000,2.0000,4,0.000000,1.0000,0
2604,16,2,75.66,37.830000,272,1.00000,2.5000,5,0.158604,2.0000,1
2609,7,4,72.23,18.057500,281,0.00000,1.5000,6,0.000000,0.5000,0
2613,21,5,74.90,14.980000,266,0.00000,1.0000,1,0.000000,1.0000,1
2624,43,11,620.42,56.401818,244,0.63636,4.0909,18,0.059186,5.7273,0
2626,21,5,232.13,46.426000,266,0.00000,3.0000,4,0.045836,2.2000,1
2629,13,2,44.94,22.470000,274,0.00000,1.5000,2,0.000000,0.0000,1
2632,25,4,120.21,30.052500,262,0.75000,1.5000,6,0.024956,1.7500,1
2635,57,7,202.09,28.870000,230,0.00000,3.0000,6,0.009897,1.1429,0
2636,46,4,84.12,21.030000,241,0.00000,1.0000,3,0.071327,3.7500,0
2644,2,12,287.30,23.941667,284,0.00000,1.9167,7,0.000000,2.8333,0
2649,16,3,203.67,67.890000,270,0.66667,3.6667,6,0.049099,1.3333,1
2652,9,27,1282.08,47.484444,277,1.00000,3.7407,17,0.000000,2.0741,0
2660,2,2,55.91,27.955000,283,0.00000,3.5000,5,0.000000,0.5000,1
2661,4,5,147.84,29.568000,281,0.40000,2.0000,6,0.033820,1.8000,0
2665,8,9,243.73,27.081111,277,1.00000,2.0000,3,0.106429,1.2222,0
2666,5,6,246.37,41.061667,280,0.00000,2.8333,9,0.000000,1.6667,1
2671,32,17,320.88,18.875294,253,0.00000,1.2353,3,0.052979,0.9412,0
2674,34,2,46.71,23.355000,251,0.50000,2.0000,4,0.064226,2.0000,1
2684,13,24,1353.41,56.392083,271,0.00000,3.9167,27,0.001478,1.8333,0
2690,22,8,372.44,46.555000,262,1.00000,3.1250,8,0.135190,3.2500,0
2691,59,3,102.37,34.123333,225,0.00000,2.0000,3,0.048842,1.3333,1
2695,30,15,566.53,37.768667,253,0.86667,2.2667,21,0.125677,2.6667,0
2699,19,24,780.57,32.523750,264,1.00000,2.6667,12,0.000000,4.2917,1
2707,85,5,282.78,56.556000,198,0.00000,3.6000,8,0.038899,3.6000,1
2709,53,4,550.59,137.647500,229,1.00000,9.2500,6,0.066202,4.2500,0
2711,80,4,149.26,37.315000,202,0.00000,3.5000,9,0.000000,0.2500,1
2713,62,5,174.82,34.964000,220,0.80000,2.4000,8,0.017161,2.2000,0
2723,40,11,391.04,35.549091,242,0.00000,1.6364,6,0.068279,0.3636,1
2732,9,13,578.12,44.470769,273,0.46154,2.7692,13,0.100325,2.6154,0
2734,40,8,286.55,35.818750,242,0.00000,2.6250,7,0.010469,2.8750,0
2735,50,9,296.30,32.922222,232,0.11111,2.3333,7,0.000000,1.3333,0
2740,44,10,386.54,38.654000,238,0.80000,2.6000,9,0.106069,3.8000,0
2742,30,3,96.57,32.190000,252,0.00000,3.6667,8,0.000000,3.6667,1
2745,77,6,89.07,14.845000,205,0.16667,1.5000,4,0.011227,1.5000,1
2747,78,2,81.30,40.650000,204,1.00000,2.0000,3,0.000000,1.5000,1
2751,62,3,96.62,32.206667,220,1.00000,3.0000,6,0.000000,0.0000,1
2759,14,4,135.89,33.972500,267,0.00000,2.7500,7,0.000000,1.2500,1
2760,17,4,128.95,32.237500,264,1.00000,1.2500,4,0.000000,0.0000,1
2761,11,3,227.26,75.753333,270,0.66667,4.3333,7,0.145428,3.6667,1
2763,88,3,86.13,28.710000,193,0.33333,2.3333,6,0.000000,1.0000,0
2768,60,2,43.73,21.865000,221,0.50000,1.5000,2,0.045735,0.0000,0
2769,1,5,289.22,57.844000,280,0.00000,5.2000,12,0.073266,2.6000,0
2781,11,23,675.93,29.388261,269,0.13043,3.0000,5,0.000000,1.1739,0
2783,45,3,98.30,32.766667,235,0.00000,2.0000,5,0.020346,1.0000,0
2791,42,15,644.54,42.969333,238,0.60000,2.2000,5,0.088435,1.8667,0
2794,33,2,40.66,20.330000,247,0.00000,1.0000,1,0.000000,1.5000,1
2795,62,4,284.69,71.172500,218,1.00000,3.7500,4,0.030981,2.5000,0
2796,49,4,76.90,19.225000,231,0.75000,1.0000,2,0.000000,1.2500,0
2801,15,3,7.75,2.583333,265,0.00000,1.3333,2,0.000000,0.3333,1
2803,46,6,210.52,35.086667,233,0.83333,2.1667,7,0.000000,0.3333,0
2813,43,6,303.74,50.623333,236,0.66667,3.1667,10,0.088892,1.5000,1
2815,2,2,56.71,28.355000,277,0.00000,3.0000,5,0.000000,0.0000,0
2817,48,4,113.69,28.422500,231,0.00000,2.7500,5,0.000000,1.2500,0
2836,82,2,1726.03,863.015000,195,1.00000,12.0000,8,0.000000,7.0000,1
2844,29,3,125.06,41.686667,248,1.00000,3.0000,5,0.039981,0.6667,1
2845,33,2,80.79,40.395000,244,0.50000,2.5000,5,0.000000,3.5000,0
2846,75,36,774.24,21.506667,202,0.97222,2.6667,40,0.000000,0.6667,0
2850,32,4,155.12,38.780000,245,1.00000,2.5000,8,0.113589,3.2500,0
2857,15,25,974.63,38.985200,261,1.00000,2.2400,19,0.000000,1.9600,0
2865,45,3,105.93,35.310000,231,0.00000,3.0000,4,0.000000,0.3333,0
2872,16,4,522.14,130.535000,259,1.00000,8.2500,16,0.142874,8.7500,1
2875,2,10,319.32,31.932000,273,0.90000,5.1000,13,0.060754,2.4000,1
2883,86,3,135.36,45.120000,189,0.00000,3.0000,4,0.000000,5.0000,1
2884,51,3,117.35,39.116667,224,0.00000,2.0000,5,0.042608,1.3333,0
2885,23,5,172.82,34.564000,252,0.00000,3.0000,7,0.086796,2.6000,0
2886,79,2,63.13,31.565000,196,0.00000,1.5000,2,0.000000,0.0000,1
2892,44,5,226.26,45.252000,231,1.00000,3.0000,8,0.118757,3.4000,0
2895,68,2,97.61,48.805000,207,0.50000,3.5000,6,0.095687,3.5000,1
2899,1,3,264.68,88.226667,274,1.00000,4.6667,8,0.124754,5.3333,1
2901,1,3,55.23,18.410000,274,0.00000,1.3333,3,0.036212,3.0000,0
2903,88,6,160.23,26.705000,187,0.00000,2.5000,6,0.000000,0.1667,0
2904,56,9,319.86,35.540000,219,0.88889,2.2222,5,0.003126,0.6667,1
2908,86,5,570.35,114.070000,188,0.20000,3.4000,12,0.000000,0.4000,1
2910,21,5,181.34,36.268000,253,1.00000,2.2000,3,0.044116,1.6000,1
2913,43,10,649.48,64.948000,231,1.00000,2.9000,10,0.000000,2.2000,1
2917,16,5,162.48,32.496000,258,0.40000,1.8000,8,0.086288,0.2000,1
2921,14,13,537.32,41.332308,260,1.00000,2.4615,10,0.009305,3.8462,0
2922,84,7,214.00,30.571429,190,0.14286,1.4286,4,0.000000,1.1429,1
2923,68,4,263.51,65.877500,206,1.00000,3.2500,9,0.000000,3.5000,0
2926,1,9,248.33,27.592222,273,0.00000,1.4444,6,0.032698,2.0000,1
2929,85,6,400.53,66.755000,189,1.00000,2.8333,9,0.000000,1.1667,0
2934,19,4,100.06,25.015000,254,0.00000,3.7500,4,0.000000,0.0000,0
2955,87,2,54.90,27.450000,185,0.00000,3.5000,5,0.054645,4.0000,0
2960,1,7,301.82,43.117143,271,1.00000,3.0000,10,0.000000,2.7143,0
2961,15,31,1017.65,32.827419,257,0.25806,3.7419,29,0.011792,4.8710,0
2963,8,8,242.15,30.268750,264,0.87500,1.6250,4,0.004130,0.0000,0
2965,34,2,127.39,63.695000,238,0.00000,4.5000,8,0.067666,0.0000,1
2969,41,5,130.54,26.108000,230,0.00000,1.4000,4,0.000000,4.2000,0
2971,16,6,169.08,28.180000,255,0.00000,2.0000,9,0.108233,2.5000,0
2985,33,3,310.12,103.373333,237,1.00000,10.6667,10,0.106088,11.3333,1
2992,29,2,117.31,58.655000,241,1.00000,3.5000,6,0.151735,2.0000,0
2994,23,5,366.15,73.230000,247,0.60000,4.2000,12,0.154718,3.0000,0
2996,67,6,312.81,52.135000,203,0.16667,9.3333,7,0.009590,2.0000,0
2997,60,2,75.34,37.670000,210,0.00000,2.0000,4,0.119458,0.5000,1
3003,89,2,46.01,23.005000,181,1.00000,1.0000,2,0.000000,1.5000,0
3004,9,8,694.83,86.853750,260,1.00000,5.7500,16,0.139646,10.6250,0
3005,74,8,184.99,23.123750,195,1.00000,1.2500,9,0.048651,0.8750,1
3013,71,3,72.76,24.253333,198,0.00000,1.3333,4,0.000000,1.0000,1
3024,89,2,70.99,35.495000,180,0.50000,2.0000,4,0.140865,1.0000,1
3027,20,7,393.24,56.177143,249,0.00000,7.7143,5,0.000000,0.2857,1
3030,50,6,516.57,86.095000,217,0.16667,4.1667,13,0.072033,2.5000,0
3032,9,14,684.52,48.894286,258,0.00000,2.7143,7,0.005844,6.0000,0
3044,42,9,423.88,47.097778,225,0.88889,1.8889,8,0.047891,0.2222,0
3045,90,2,77.65,38.825000,177,0.50000,2.5000,5,0.104314,0.5000,1
3051,8,5,181.05,36.210000,259,1.00000,2.2000,8,0.113505,1.8000,0
3055,32,4,490.19,122.547500,234,1.00000,6.2500,14,0.000000,2.7500,1
3058,8,3,127.72,42.573333,258,1.00000,3.6667,4,0.117444,3.3333,0
3061,68,2,64.59,32.295000,198,0.50000,3.0000,6,0.000000,3.5000,1
3062,37,3,152.87,50.956667,229,1.00000,3.0000,6,0.163538,5.3333,0
3074,34,2,80.25,40.125000,231,0.50000,3.0000,6,0.000000,4.5000,1
3081,63,4,121.10,30.275000,202,0.50000,2.2500,5,0.028902,3.2500,1
3092,21,2,54.57,27.285000,243,0.00000,1.5000,3,0.000000,1.5000,1
3098,43,7,149.33,21.332857,221,0.00000,2.0000,5,0.046876,6.4286,0
3100,41,10,306.11,30.611000,223,0.20000,1.9000,18,0.103427,2.3000,0
3113,56,7,284.62,40.660000,207,0.00000,2.7143,11,0.000000,0.5714,0
3117,83,3,98.15,32.716667,180,0.33333,3.0000,8,0.040754,1.6667,1
3119,30,2,80.64,40.320000,233,1.00000,5.5000,9,0.044643,1.5000,1
3133,56,4,117.70,29.425000,206,1.00000,1.5000,4,0.000000,0.5000,1
3137,72,5,368.54,73.708000,190,1.00000,3.6000,4,0.064579,1.8000,1
3139,61,2,26.64,13.320000,200,0.00000,1.0000,2,0.000000,0.0000,1
3142,43,2,109.20,54.600000,218,1.00000,2.5000,3,0.118132,3.5000,1
3149,1,9,846.00,94.000000,260,1.00000,5.6667,13,0.098215,8.1111,0
3155,15,10,511.56,51.156000,246,1.00000,3.1000,11,0.136152,2.5000,0
3157,37,3,158.80,52.933333,224,0.66667,3.0000,8,0.090365,2.3333,0
3158,58,4,105.76,26.440000,203,0.50000,1.2500,2,0.109682,0.7500,1
3160,2,10,331.21,33.121000,259,0.20000,2.8000,9,0.009058,3.0000,0
3162,63,2,44.94,22.470000,198,0.00000,1.5000,3,0.000000,1.5000,0
3168,9,6,397.02,66.170000,252,1.00000,4.3333,11,0.152385,1.1667,0
3170,1,2,70.62,35.310000,259,0.00000,3.5000,6,0.000000,2.0000,1
3176,18,3,131.61,43.870000,242,0.00000,4.0000,5,0.000000,0.3333,0
3202,9,11,481.29,43.753636,250,0.90909,3.4545,15,0.096262,1.0909,0
3204,37,4,174.85,43.712500,222,0.00000,3.2500,7,0.051473,2.0000,0
3208,38,6,141.98,23.663333,220,0.00000,1.5000,8,0.022186,0.0000,0
3210,21,18,568.04,31.557778,237,0.72222,2.2778,7,0.147173,1.3333,0
3229,2,12,219.06,18.255000,255,0.00000,2.0833,5,0.000000,0.3333,0
3240,2,3,112.35,37.450000,255,1.00000,2.0000,5,0.000000,1.3333,0
3246,53,4,131.26,32.815000,203,0.00000,2.5000,2,0.038092,0.5000,1
3254,39,2,85.60,42.800000,217,0.00000,2.5000,3,0.000000,0.5000,0
3265,2,36,992.43,27.567500,253,1.00000,1.8889,12,0.000000,0.3056,0
3270,9,3,169.82,56.606667,246,1.00000,3.6667,10,0.000000,3.0000,1
3273,78,9,343.59,38.176667,177,1.00000,2.5556,12,0.137373,1.2222,0
3274,71,3,74.27,24.756667,184,0.00000,2.0000,3,0.121179,0.0000,1
3285,5,2,87.04,43.520000,249,0.00000,3.5000,6,0.114890,1.0000,1
3286,64,2,47.08,23.540000,190,0.00000,10.0000,4,0.000000,1.5000,1
3288,65,3,162.45,54.150000,189,0.00000,3.6667,5,0.110803,2.0000,1
3291,2,17,742.04,43.649412,252,0.00000,3.4706,18,0.000000,6.7647,0
3301,61,7,152.18,21.740000,193,0.28571,1.5714,4,0.052569,2.0000,0
3302,21,4,319.43,79.857500,233,1.00000,5.7500,13,0.000000,10.7500,1
3303,27,2,185.27,92.635000,227,0.00000,6.0000,7,0.070168,4.5000,1
3307,16,8,447.89,55.986250,238,1.00000,3.2500,13,0.108888,3.5000,0
3313,13,21,296.31,14.110000,240,0.09524,3.4286,17,0.000000,1.4762,0
3314,39,4,85.78,21.445000,214,0.00000,3.5000,8,0.058289,1.0000,1
3316,23,4,181.17,45.292500,230,0.25000,2.7500,8,0.160071,2.7500,0
3326,64,14,282.47,20.176429,189,0.00000,1.3571,3,0.000000,0.0714,1
3331,26,2,86.67,43.335000,227,1.00000,5.5000,5,0.000000,3.0000,0
3336,70,4,81.25,20.312500,182,0.00000,1.5000,4,0.012308,3.2500,0
3338,9,4,127.36,31.840000,243,0.25000,2.0000,6,0.092651,2.5000,1
3340,48,4,154.50,38.625000,204,0.75000,2.2500,5,0.084142,2.0000,0
3344,32,8,389.73,48.716250,220,1.00000,2.7500,9,0.132348,2.5000,0
3345,38,5,262.96,52.592000,214,1.00000,6.0000,11,0.000000,8.6000,0
3348,70,2,77.27,38.635000,182,1.00000,2.0000,4,0.000000,1.5000,1
3351,3,3,107.16,35.720000,248,0.66667,1.6667,3,0.151176,6.0000,0
3354,26,4,152.71,38.177500,225,0.75000,1.7500,6,0.019645,0.7500,0
3355,76,7,225.42,32.202857,175,0.28571,2.5714,10,0.022181,1.5714,0
3366,60,6,208.07,34.678333,190,0.00000,2.1667,7,0.076897,2.1667,1
3367,54,3,162.94,54.313333,196,0.00000,4.0000,8,0.067510,6.0000,1
3368,21,4,401.23,100.307500,229,0.75000,6.5000,10,0.000000,3.7500,0
3374,3,6,345.16,57.526667,246,0.66667,3.3333,9,0.005794,0.1667,1
3379,89,4,133.49,33.372500,160,0.00000,2.0000,2,0.000000,3.2500,1
3384,2,2,57.66,28.830000,247,0.00000,2.5000,4,0.035033,1.0000,1
3385,86,2,153.75,76.875000,163,0.50000,3.0000,4,0.000000,5.0000,0
3386,29,5,377.17,75.434000,220,0.80000,4.8000,10,0.015908,2.0000,0
3395,5,26,741.61,28.523462,243,1.00000,1.1154,4,0.000000,1.0000,0
3402,2,2,106.02,53.010000,246,0.50000,3.5000,6,0.132051,2.0000,0
3412,1,9,365.80,40.644444,246,1.00000,2.3333,9,0.144341,2.8889,0
3413,28,3,153.81,51.270000,219,0.00000,5.6667,7,0.000000,0.3333,0
3422,42,4,370.68,92.670000,205,1.00000,5.2500,14,0.000000,3.0000,1
3423,23,10,235.82,23.582000,224,1.00000,1.2000,7,0.112374,1.0000,0
3428,43,3,137.10,45.700000,204,1.00000,2.3333,7,0.098468,1.6667,1
3432,58,5,150.33,30.066000,189,0.00000,1.6000,6,0.000000,1.4000,0
3434,28,2,58.85,29.425000,218,0.00000,2.5000,5,0.000000,3.5000,0
3436,9,11,247.68,22.516364,237,1.00000,2.9091,6,0.000000,3.4545,0
3442,53,4,184.15,46.037500,193,1.00000,2.7500,8,0.130166,4.5000,0
3447,77,10,187.78,18.778000,169,0.00000,1.6000,7,0.000000,0.1000,1
3449,50,3,117.00,39.000000,196,0.00000,2.3333,7,0.085470,2.0000,0
3458,43,6,242.07,40.345000,202,0.83333,3.0000,10,0.113190,1.3333,0
3467,16,5,375.77,75.154000,229,1.00000,4.2000,8,0.124358,6.6000,0
3474,33,2,30.25,15.125000,211,0.50000,1.0000,2,0.115702,1.0000,1
3476,57,9,355.12,39.457778,187,1.00000,2.7778,7,0.000000,0.4444,0
3479,5,9,152.55,16.950000,239,0.00000,1.0000,6,0.074140,0.2222,0
3483,61,2,71.29,35.645000,183,1.00000,1.0000,1,0.069435,3.5000,1
3484,15,2,175.54,87.770000,229,0.00000,14.0000,7,0.017090,3.0000,0
3489,80,4,108.06,27.015000,163,0.00000,2.2500,7,0.000000,0.2500,1
3494,8,2,36.65,18.325000,235,0.00000,3.0000,4,0.000000,2.0000,0
3499,49,4,146.33,36.582500,194,0.00000,6.7500,4,0.000000,0.0000,1
3504,14,4,131.26,32.815000,229,1.00000,3.0000,7,0.038092,1.7500,1
3508,27,7,355.05,50.721429,216,1.00000,2.0000,7,0.000000,0.7143,0
3512,84,2,38.25,19.125000,158,0.00000,4.5000,7,0.000000,1.0000,1
3540,12,7,335.03,47.861429,229,0.28571,5.1429,20,0.000000,3.7143,0
3543,77,9,208.70,23.188889,164,0.33333,1.6667,8,0.028749,1.5556,1
3544,68,4,121.98,30.495000,173,0.00000,1.7500,6,0.000000,1.5000,0
3545,13,4,142.08,35.520000,228,0.25000,2.5000,9,0.066160,2.0000,0
3551,18,4,128.93,32.232500,223,0.00000,2.5000,7,0.000000,1.2500,0
3554,1,4,267.90,66.975000,240,0.00000,4.0000,10,0.018664,3.5000,0
3556,84,2,18.12,9.060000,157,0.50000,1.0000,2,0.000000,0.5000,1
3564,5,13,496.28,38.175385,235,0.15385,2.3846,15,0.066636,1.6923,0
3567,13,4,180.03,45.007500,227,0.00000,3.5000,9,0.000000,0.7500,0
3568,36,2,116.28,58.140000,204,1.00000,2.5000,4,0.043000,1.5000,1
3575,4,6,270.01,45.001667,236,1.00000,2.8333,13,0.000000,2.1667,0
3590,9,10,395.02,39.502000,230,0.40000,2.9000,12,0.000000,2.1000,0
3591,11,10,193.94,19.394000,228,0.00000,2.0000,6,0.000000,2.2000,0
3601,65,4,368.69,92.172500,174,0.00000,5.0000,10,0.103203,1.2500,0
3604,28,15,510.39,34.026000,211,0.00000,2.3333,10,0.000000,3.6000,0
3607,9,7,411.25,58.750000,230,0.00000,3.5714,11,0.080243,6.2857,0
3610,36,5,248.43,49.686000,203,0.60000,3.8000,4,0.059977,2.6000,0
3612,78,4,255.18,63.795000,160,0.75000,3.0000,8,0.000000,3.0000,0
3614,3,14,380.64,27.188571,235,0.64286,4.0000,14,0.000394,2.5714,0
3618,7,14,494.35,35.310714,231,0.00000,2.5000,13,0.000000,1.5714,0
3625,50,3,89.53,29.843333,188,0.00000,2.0000,5,0.055847,1.6667,0
3631,22,6,332.86,55.476667,216,1.00000,2.1667,6,0.069098,0.6667,0
3639,57,4,131.93,32.982500,180,0.00000,2.5000,7,0.022739,0.2500,1
3640,25,6,273.55,45.591667,212,0.00000,6.1667,10,0.000000,3.8333,1
3641,75,2,47.08,23.540000,161,0.00000,2.5000,5,0.000000,0.5000,1
3647,1,4,158.47,39.617500,235,1.00000,2.7500,10,0.091879,2.5000,0
3654,11,11,278.95,25.359091,225,0.90909,2.2727,10,0.079943,1.0909,0
3655,62,2,53.77,26.885000,174,0.00000,3.0000,4,0.000000,1.0000,1
3657,88,3,52.12,17.373333,147,0.00000,1.3333,3,0.081543,1.0000,1
3660,83,47,769.79,16.378511,152,0.00000,2.3404,13,0.009639,0.8298,0
3663,51,4,152.26,38.065000,184,0.00000,2.5000,6,0.019703,2.7500,0
3669,58,6,131.06,21.843333,177,0.00000,5.8333,1,0.000000,0.0000,1
3673,63,3,119.75,39.916667,171,0.00000,2.3333,5,0.039415,1.0000,1
3678,8,6,284.73,47.455000,226,0.16667,4.8333,14,0.035121,0.1667,1
3679,70,2,130.24,65.120000,164,1.00000,3.0000,6,0.000000,2.0000,1
3682,61,3,144.89,48.296667,173,0.66667,3.3333,10,0.034509,3.3333,0
3688,2,26,1279.63,49.216538,231,0.00000,4.3077,7,0.063260,7.1154,0
3691,30,3,90.95,30.316667,203,1.00000,2.0000,6,0.000000,3.0000,1
3693,27,2,70.13,35.065000,206,0.00000,3.0000,3,0.099815,1.5000,0
3700,2,3,241.50,80.500000,231,1.00000,6.3333,11,0.000000,0.3333,0
3708,16,3,129.19,43.063333,216,1.00000,2.3333,4,0.068504,2.3333,1
3722,9,2,165.58,82.790000,223,1.00000,5.5000,9,0.153400,6.5000,1
3725,1,3,60.56,20.186667,230,0.00000,1.3333,4,0.000000,1.3333,1
3727,23,3,98.17,32.723333,208,0.66667,3.0000,8,0.000000,1.3333,1
3728,7,2,113.42,56.710000,224,0.00000,3.0000,4,0.000000,1.5000,1
3740,2,6,701.50,116.916667,229,0.66667,3.6667,15,0.066515,2.3333,0
3744,26,3,87.36,29.120000,205,1.00000,1.6667,3,0.000000,0.6667,0
3751,84,4,88.86,22.215000,147,0.00000,2.2500,6,0.056268,2.2500,0
3777,29,3,119.64,39.880000,200,1.00000,2.0000,2,0.000000,1.0000,1
3778,18,9,312.33,34.703333,211,0.00000,2.4444,15,0.054430,1.1111,0
3779,68,3,56.17,18.723333,161,0.00000,2.6667,6,0.000000,1.6667,0
3791,77,5,130.80,26.160000,151,0.00000,2.4000,9,0.000000,1.6000,0
3794,58,6,198.62,33.103333,170,0.00000,2.0000,6,0.124509,2.1667,0
3800,38,6,341.08,56.846667,190,1.00000,3.3333,13,0.000000,1.0000,0
3801,54,5,104.33,20.866000,174,0.00000,1.6000,6,0.000000,0.8000,0
3803,2,16,839.12,52.445000,225,1.00000,2.7500,18,0.134152,3.8125,0
3816,65,4,83.76,20.940000,161,0.25000,1.0000,2,0.163204,1.0000,0
3818,28,6,350.95,58.491667,198,1.00000,2.8333,7,0.000000,2.3333,0
3826,30,2,111.65,55.825000,196,0.00000,3.5000,5,0.089566,4.5000,0
3829,41,3,160.51,53.503333,185,0.33333,3.3333,10,0.012460,3.3333,1
3830,2,15,540.70,36.046667,224,1.00000,2.8667,12,0.018495,2.6000,1
3833,88,4,228.22,57.055000,137,0.50000,4.2500,4,0.088073,2.5000,1
3834,7,3,158.87,52.956667,218,0.66667,4.3333,10,0.127777,4.0000,0
3849,79,9,203.95,22.661111,146,0.00000,1.3333,6,0.029419,1.0000,1
3852,27,6,362.41,60.401667,198,1.00000,3.3333,14,0.151900,5.3333,1
3858,21,8,338.51,42.313750,203,0.50000,2.2500,7,0.000000,1.8750,1
3860,44,5,210.25,42.050000,180,0.00000,5.4000,11,0.000000,2.4000,1
3872,24,8,337.84,42.230000,200,0.00000,1.8750,4,0.079919,1.3750,1
3885,5,7,532.07,76.010000,217,0.14286,7.2857,6,0.000000,0.2857,1
3886,31,6,238.61,39.768333,191,1.00000,3.6667,14,0.000000,4.0000,0
3889,75,5,143.38,28.676000,147,0.00000,1.2000,3,0.000000,0.4000,0
3894,1,2,32.42,16.210000,221,0.00000,1.0000,2,0.092535,1.0000,1
3900,64,2,19.26,9.630000,157,0.00000,2.5000,4,0.000000,0.0000,1
3908,37,2,79.18,39.590000,184,1.00000,3.0000,4,0.000000,2.5000,0
3911,45,8,2338.94,292.367500,175,1.00000,10.8750,15,0.079245,1.7500,0
3912,27,3,293.34,97.780000,193,0.00000,4.0000,2,0.044317,0.6667,0
3914,90,3,60.18,20.060000,130,0.00000,3.0000,5,0.000000,0.3333,1
3915,15,2,115.01,57.505000,205,1.00000,4.0000,8,0.148683,2.5000,1
3917,26,3,49.94,16.646667,194,0.00000,1.0000,1,0.100120,1.0000,1
3922,5,2,108.79,54.395000,215,0.00000,2.0000,4,0.045960,3.5000,1
3923,71,2,98.24,49.120000,149,1.00000,3.5000,7,0.000000,1.0000,1
3927,73,7,192.30,27.471429,147,1.00000,1.1429,3,0.145606,0.0000,0
3936,57,4,60.18,15.045000,162,0.00000,1.0000,2,0.000000,1.0000,0
3940,85,2,118.96,59.480000,134,0.00000,8.0000,5,0.042031,3.0000,0
3943,3,2,88.36,44.180000,216,1.00000,3.0000,6,0.086012,2.5000,1
3947,57,3,97.91,32.636667,162,0.33333,2.0000,4,0.038300,2.3333,0
3949,56,3,84.06,28.020000,163,0.33333,1.6667,4,0.153462,2.0000,1
3950,60,2,56.71,28.355000,159,0.00000,2.0000,3,0.000000,0.0000,1
3951,17,17,591.17,34.774706,202,0.94118,1.8824,6,0.094727,1.4118,0
3954,78,5,123.74,24.748000,141,0.20000,2.4000,9,0.048812,1.6000,0
3957,77,3,42.80,14.266667,141,1.00000,1.6667,3,0.000000,1.3333,1
3968,72,2,86.67,43.335000,146,0.00000,3.5000,4,0.000000,0.0000,1
3978,76,4,104.59,26.147500,142,0.25000,1.7500,7,0.000000,3.5000,0
3982,1,2,77.80,38.900000,216,0.00000,4.0000,5,0.047558,0.5000,1
3984,7,4,128.93,32.232500,210,0.75000,2.5000,7,0.000000,3.7500,0
3987,81,3,68.48,22.826667,136,0.00000,1.3333,2,0.000000,1.0000,0
3997,12,2,44.94,22.470000,204,0.00000,1.5000,2,0.000000,1.5000,1
4017,5,7,260.39,37.198571,209,0.00000,4.5714,10,0.057990,4.5714,0
4033,22,5,165.62,33.124000,191,0.20000,1.8000,7,0.030190,1.0000,0
4034,62,2,85.81,42.905000,151,1.00000,1.5000,2,0.000000,1.0000,1
4036,49,5,247.62,49.524000,164,0.60000,4.6000,8,0.020192,5.2000,1
4040,85,2,18.19,9.095000,127,0.00000,2.0000,3,0.000000,2.0000,1
4043,27,4,68.48,17.120000,185,1.00000,1.0000,1,0.000000,1.0000,0
4046,44,5,178.74,35.748000,168,0.00000,2.8000,6,0.039163,2.4000,1
4052,78,2,52.96,26.480000,134,1.00000,2.5000,4,0.000000,1.5000,1
4054,71,3,173.05,57.683333,141,0.00000,2.6667,5,0.033863,3.3333,0
4057,57,2,110.70,55.350000,155,1.00000,4.0000,7,0.144535,3.0000,1
4059,72,3,116.14,38.713333,140,1.00000,3.0000,4,0.000000,1.0000,1
4069,42,3,56.71,18.903333,169,1.00000,1.3333,4,0.000000,0.0000,0
4073,9,3,87.60,29.200000,202,0.33333,2.0000,5,0.022831,1.3333,1
4075,79,6,825.71,137.618333,132,0.50000,9.3333,13,0.048443,4.5000,0
4077,44,4,126.26,31.565000,167,0.00000,1.7500,4,0.000000,2.0000,0
4082,86,2,115.58,57.790000,124,1.00000,3.5000,6,0.000000,2.0000,0
4085,21,2,115.87,57.935000,189,1.00000,3.5000,5,0.094934,7.0000,1
4086,61,6,276.50,46.083333,148,0.83333,2.8333,10,0.135081,4.0000,0
4092,16,8,254.56,31.820000,192,0.87500,2.3750,15,0.062854,1.6250,0
4095,55,4,192.06,48.015000,153,0.00000,4.7500,13,0.000000,2.5000,0
4099,65,2,84.18,42.090000,143,0.50000,2.5000,5,0.059397,1.5000,1
4117,79,2,40.66,20.330000,127,0.00000,1.0000,1,0.000000,3.5000,0
4123,38,3,82.62,27.540000,168,0.66667,1.0000,2,0.072622,0.0000,0
4127,31,3,92.19,30.730000,174,0.66667,2.0000,4,0.106302,4.0000,1
4146,2,2,98.90,49.450000,202,1.00000,3.5000,6,0.150657,2.0000,1
4156,59,2,46.01,23.005000,145,0.00000,1.5000,3,0.000000,0.5000,1
4158,16,2,111.53,55.765000,188,1.00000,3.0000,6,0.000000,4.5000,1
4166,61,2,38.52,19.260000,143,0.50000,1.5000,3,0.000000,0.0000,0
4171,86,4,281.57,70.392500,117,0.25000,3.7500,9,0.000000,0.7500,1
4173,8,2,61.36,30.680000,195,1.00000,2.0000,3,0.000000,0.0000,0
4175,21,2,73.38,36.690000,182,1.00000,2.0000,3,0.000000,0.0000,1
4177,53,5,129.33,25.866000,149,0.20000,1.6000,6,0.015464,0.6000,0
4180,74,2,88.90,44.450000,128,0.00000,2.5000,4,0.157480,4.0000,1
4182,31,3,118.86,39.620000,171,1.00000,3.0000,7,0.042066,3.3333,0
4187,55,3,98.19,32.730000,146,0.33333,1.6667,1,0.061106,0.3333,0
4191,76,2,71.27,35.635000,125,1.00000,2.5000,4,0.000000,2.0000,1
4197,75,3,57.78,19.260000,125,0.00000,1.6667,3,0.000000,0.0000,1
4211,2,5,215.60,43.120000,197,0.60000,4.6000,16,0.013915,2.4000,1
4216,38,2,39.59,19.795000,161,0.00000,2.0000,3,0.000000,0.5000,0
4226,38,2,73.98,36.990000,161,1.00000,3.5000,6,0.095972,2.0000,0
4227,26,6,186.65,31.108333,172,0.83333,2.1667,5,0.053576,1.6667,0
4229,61,5,114.49,22.898000,137,0.20000,1.0000,3,0.000000,1.8000,0
4231,2,9,505.90,56.211111,196,0.00000,4.1111,15,0.133841,5.6667,0
4233,51,3,123.85,41.283333,147,0.00000,2.3333,6,0.000000,1.6667,1
4241,19,6,215.23,35.871667,179,0.00000,2.5000,5,0.060401,1.6667,1
4242,7,6,124.83,20.805000,191,0.16667,1.5000,5,0.052872,0.5000,0
4243,13,7,218.78,31.254286,185,1.00000,1.8571,6,0.018283,1.1429,0
4249,40,4,113.14,28.285000,157,0.00000,3.7500,6,0.000000,1.7500,0
4261,28,13,497.49,38.268462,169,0.15385,3.2308,12,0.104183,1.3077,0
4266,79,2,68.48,34.240000,118,0.00000,3.5000,6,0.000000,1.0000,1
4268,36,2,131.77,65.885000,161,1.00000,3.0000,5,0.000000,7.5000,1
4272,40,7,358.34,51.191429,156,1.00000,4.0000,9,0.153486,4.1429,1
4275,14,5,297.40,59.480000,182,1.00000,2.6000,6,0.118527,1.0000,0
4278,1,2,125.67,62.835000,195,1.00000,7.5000,10,0.159147,4.0000,1
4279,75,2,152.64,76.320000,121,1.00000,4.5000,6,0.109735,1.5000,0
4301,36,2,119.46,59.730000,159,0.50000,2.5000,5,0.090825,1.5000,1
4304,2,2,82.93,41.465000,193,0.00000,4.0000,4,0.000000,5.0000,0
4307,18,5,179.76,35.952000,176,0.20000,2.6000,9,0.000000,1.6000,0
4309,9,4,283.97,70.992500,185,1.00000,4.5000,13,0.065500,5.5000,0
4315,24,2,103.03,51.515000,170,0.00000,3.5000,6,0.000000,3.0000,1
4318,40,2,52.43,26.215000,153,1.00000,3.5000,4,0.057219,0.0000,1
4322,7,2,112.44,56.220000,186,1.00000,3.5000,6,0.000000,2.5000,1
4323,46,4,129.39,32.347500,147,0.25000,2.7500,4,0.162686,2.5000,1
4330,1,3,66.68,22.226667,191,0.00000,1.0000,1,0.044991,2.3333,0
4332,55,2,81.72,40.860000,137,0.00000,2.5000,5,0.024474,0.0000,1
4334,17,4,77.17,19.292500,175,0.50000,2.5000,6,0.046650,1.2500,1
4339,16,2,164.96,82.480000,175,1.00000,5.0000,6,0.000000,2.0000,1
4345,70,2,77.78,38.890000,121,0.50000,3.0000,4,0.119568,0.5000,1
4348,9,2,139.90,69.950000,182,1.00000,4.0000,3,0.000000,0.5000,1
4358,60,2,80.51,40.255000,131,0.50000,3.0000,5,0.000000,1.0000,1
4360,12,3,75.30,25.100000,179,0.33333,1.3333,4,0.076361,2.0000,1
4361,22,2,37.74,18.870000,169,0.00000,1.5000,3,0.092740,1.0000,1
4362,69,3,78.52,26.173333,122,0.33333,1.0000,1,0.073357,0.0000,1
4364,45,5,117.70,23.540000,145,0.00000,2.0000,6,0.000000,0.2000,0
4366,56,3,526.83,175.610000,134,0.66667,9.6667,17,0.054553,5.0000,0
4367,49,3,100.96,33.653333,141,0.33333,3.6667,6,0.120345,2.6667,1
4372,37,3,50.24,16.746667,153,0.00000,1.6667,3,0.126791,0.6667,1
4386,61,3,61.29,20.430000,128,1.00000,2.3333,3,0.000000,3.0000,0
4389,55,4,156.62,39.155000,134,0.00000,4.7500,10,0.012770,1.0000,0
4393,63,2,145.41,72.705000,126,0.00000,3.5000,6,0.089402,2.5000,1
4395,34,3,137.70,45.900000,155,0.33333,2.0000,4,0.145243,2.0000,0
4400,69,3,136.75,45.583333,119,0.66667,3.0000,3,0.000000,0.0000,1
4405,15,6,157.17,26.195000,173,0.83333,1.1667,4,0.108163,1.1667,0
4406,9,9,255.75,28.416667,179,0.11111,1.0000,4,0.058651,0.6667,0
4407,9,14,309.48,22.105714,179,0.07143,2.0000,5,0.012925,1.2857,0
4408,68,4,280.41,70.102500,120,0.50000,3.2500,9,0.055169,3.0000,1
4409,68,2,163.72,81.860000,120,0.00000,6.5000,4,0.000000,1.5000,1
4410,6,6,107.83,17.971667,182,1.00000,1.3333,6,0.074191,1.0000,0
4421,34,5,147.66,29.532000,153,0.00000,3.2000,12,0.000000,0.4000,0
4422,86,3,219.58,73.193333,100,1.00000,12.0000,12,0.000000,3.6667,0
4427,23,5,213.25,42.650000,163,0.20000,2.8000,8,0.000000,1.6000,1
4432,32,3,92.61,30.870000,153,0.33333,3.6667,9,0.000000,2.0000,1
4433,8,5,64.20,12.840000,177,0.00000,1.0000,1,0.000000,0.0000,0
4434,28,2,62.98,31.490000,157,0.50000,2.0000,2,0.082566,1.5000,1
4445,37,4,121.57,30.392500,147,1.00000,2.0000,3,0.000000,1.2500,1
4449,60,3,216.14,72.046667,124,0.00000,4.6667,8,0.000000,3.3333,0
4451,43,2,183.94,91.970000,141,1.00000,4.5000,7,0.173970,4.5000,0
4453,29,5,247.78,49.556000,155,1.00000,2.0000,7,0.119057,0.0000,0
4464,7,10,259.48,25.948000,176,1.00000,2.3000,9,0.000000,0.8000,0
4465,41,3,54.04,18.013333,142,0.00000,2.0000,5,0.000000,0.0000,0
4470,37,2,103.59,51.795000,146,0.00000,3.0000,4,0.054832,8.5000,1
4487,48,5,163.05,32.610000,134,1.00000,2.2000,10,0.000000,1.0000,0
4488,78,2,59.48,29.740000,104,0.50000,2.0000,4,0.118527,0.0000,0
4519,1,14,721.65,51.546429,180,0.78571,3.7857,16,0.143366,5.2143,0
4525,36,3,68.99,22.996667,145,1.00000,1.0000,3,0.072474,1.6667,1
4526,70,3,48.15,16.050000,111,0.00000,1.0000,2,0.000000,0.6667,0
4537,51,3,53.36,17.786667,129,0.00000,1.0000,1,0.037481,0.0000,0
4538,34,5,85.54,17.108000,146,0.00000,1.2000,3,0.036825,1.4000,0
4544,85,4,107.43,26.857500,94,1.00000,1.0000,2,0.228055,1.5000,1
4545,16,2,262.89,131.445000,162,1.00000,8.5000,11,0.076077,15.0000,0
4547,16,2,54.43,27.215000,162,0.00000,2.0000,3,0.000000,1.0000,1
4549,3,13,396.64,30.510769,175,1.00000,4.7692,10,0.022691,2.1538,0
4550,45,3,233.65,77.883333,133,1.00000,4.0000,4,0.000000,6.0000,0
4555,1,2,51.05,25.525000,177,0.00000,3.0000,5,0.088149,0.5000,0
4564,51,3,120.35,40.116667,126,0.33333,1.6667,3,0.066473,5.0000,1
4582,38,5,89.34,17.868000,138,0.80000,1.0000,1,0.000000,2.0000,1
4584,85,2,51.62,25.810000,91,1.00000,1.5000,2,0.000000,2.0000,1
4597,2,5,199.02,39.804000,173,0.20000,3.8000,12,0.000000,2.2000,1
4602,59,4,155.85,38.962500,116,0.50000,2.2500,5,0.083414,1.2500,0
4603,6,2,69.07,34.535000,169,0.50000,3.5000,6,0.043434,3.0000,1
4605,74,3,119.84,39.946667,101,0.00000,2.0000,6,0.000000,1.0000,0
4606,6,4,134.39,33.597500,168,1.00000,6.0000,12,0.074410,3.2500,0
4621,47,2,294.46,147.230000,126,1.00000,7.0000,5,0.033960,2.5000,0
4626,16,3,60.64,20.213333,157,0.00000,1.0000,2,0.082454,0.6667,1
4629,41,4,97.63,24.407500,131,0.50000,2.0000,3,0.000000,2.0000,0
4632,5,3,147.35,49.116667,167,0.00000,4.3333,11,0.048728,1.3333,1
4644,30,2,105.59,52.795000,141,0.50000,3.0000,5,0.066294,0.5000,0
4646,47,2,59.39,29.695000,124,0.50000,2.0000,2,0.000000,1.5000,1
4649,80,6,222.30,37.050000,91,0.00000,4.5000,5,0.000000,1.3333,0
4651,10,4,136.42,34.105000,160,1.00000,3.0000,5,0.000000,0.5000,0
4656,85,2,120.29,60.145000,85,1.00000,3.5000,6,0.041566,0.5000,0
4657,17,2,154.97,77.485000,153,0.50000,4.0000,6,0.000000,2.0000,1
4661,61,5,179.94,35.988000,109,0.20000,2.4000,5,0.015839,2.4000,1
4663,73,2,44.94,22.470000,97,1.00000,2.0000,2,0.000000,1.5000,1
4666,6,7,238.16,34.022857,164,0.14286,2.1429,10,0.000000,0.8571,0
4667,28,2,46.40,23.200000,142,0.00000,1.0000,2,0.077586,3.0000,1
4670,9,28,830.77,29.670357,161,0.00000,2.5357,22,0.020463,1.2500,0
4671,2,6,221.41,36.901667,168,1.00000,4.5000,3,0.000000,0.0000,0
4676,21,3,441.58,147.193333,148,0.00000,6.3333,6,0.145387,7.3333,0
4681,9,3,207.09,69.030000,160,0.33333,3.6667,5,0.000000,1.3333,0
4684,8,2,123.93,61.965000,161,1.00000,3.0000,5,0.000000,4.5000,1
4685,33,3,74.77,24.923333,136,0.66667,1.0000,1,0.000000,1.0000,0
4711,16,2,48.80,24.400000,151,0.00000,1.5000,2,0.122951,1.0000,1
4716,47,9,196.20,21.800000,119,0.11111,1.5556,6,0.010194,0.1111,0
4730,39,5,299.66,59.932000,126,0.00000,5.0000,7,0.010011,3.8000,0
4731,10,8,281.47,35.183750,155,0.87500,2.8750,11,0.000000,0.7500,0
4739,13,12,286.48,23.873333,151,0.00000,1.8333,4,0.013963,0.1667,0
4745,29,2,94.70,47.350000,135,1.00000,3.5000,5,0.000000,2.0000,1
4746,8,5,200.33,40.066000,156,0.80000,2.0000,6,0.150751,1.2000,0
4748,1,8,188.92,23.615000,163,0.37500,1.7500,7,0.119257,3.0000,0
4749,12,4,242.19,60.547500,152,0.00000,3.7500,9,0.041290,3.7500,1
4751,11,8,232.19,29.023750,153,0.12500,2.7500,8,0.000000,1.2500,0
4757,82,2,50.90,25.450000,81,1.00000,2.0000,3,0.085462,1.5000,1
4758,15,13,521.67,40.128462,148,0.69231,4.4615,7,0.122683,0.2308,0
4763,15,6,206.95,34.491667,148,1.00000,2.8333,10,0.121044,0.8333,0
4767,3,2,405.74,202.870000,160,0.50000,12.0000,9,0.152807,1.5000,1
4768,18,6,247.79,41.298333,145,1.00000,2.5000,8,0.149320,1.1667,0
4770,64,7,415.32,59.331429,99,0.71429,4.5714,23,0.138207,4.1429,0
4772,50,5,322.39,64.478000,113,0.80000,3.6000,9,0.130432,3.0000,0
4773,16,3,106.15,35.383333,147,0.00000,2.0000,3,0.122939,4.3333,1
4774,34,5,218.65,43.730000,129,0.40000,2.0000,6,0.089870,0.6000,0
4776,15,2,77.50,38.750000,148,0.00000,4.0000,7,0.012903,2.0000,1
4783,32,4,163.28,40.820000,131,0.50000,3.2500,7,0.061244,1.2500,1
4792,44,3,319.29,106.430000,118,0.00000,5.6667,4,0.041561,3.0000,0
4795,1,13,677.59,52.122308,161,1.00000,5.0769,17,0.130787,2.2308,0
4801,79,3,79.18,26.393333,82,1.00000,2.0000,3,0.000000,0.0000,1
4807,21,4,136.43,34.107500,140,0.00000,4.7500,5,0.000000,0.7500,1
4809,45,2,130.00,65.000000,116,0.00000,3.5000,7,0.069923,1.5000,0
4810,15,4,65.27,16.317500,146,0.00000,1.7500,2,0.000000,0.0000,1
4813,10,5,165.49,33.098000,150,0.00000,2.2000,8,0.078555,0.2000,0
4817,82,3,55.35,18.450000,78,0.33333,1.0000,2,0.000000,1.3333,1
4824,3,22,341.06,15.502727,156,1.00000,1.0455,3,0.000000,0.4091,0
4825,62,5,74.90,14.980000,97,0.00000,1.0000,1,0.000000,0.0000,1
4828,36,2,35.95,17.975000,123,0.50000,1.0000,2,0.000000,1.0000,0
4831,81,2,45.74,22.870000,78,0.00000,2.5000,4,0.000000,0.5000,0
4839,2,4,182.04,45.510000,156,0.25000,3.2500,6,0.047792,1.0000,0
4840,42,4,245.15,61.287500,116,1.00000,3.2500,7,0.111768,5.5000,1
4841,43,2,106.45,53.225000,115,0.00000,5.0000,6,0.045092,4.5000,1
4849,19,2,127.99,63.995000,138,1.00000,4.0000,4,0.000000,2.5000,1
4859,11,2,49.22,24.610000,145,0.00000,2.5000,3,0.000000,0.0000,1
4864,74,3,79.45,26.483333,82,0.00000,2.3333,6,0.000000,1.0000,0
4875,17,7,291.70,41.671429,139,0.00000,2.1429,6,0.026671,1.1429,0
4876,18,2,44.47,22.235000,138,0.50000,1.5000,3,0.109737,0.5000,0
4878,16,12,283.63,23.635833,139,1.00000,1.0000,2,0.211543,1.4167,1
4880,21,2,199.38,99.690000,134,0.50000,5.0000,8,0.101063,9.5000,1
4885,30,4,177.27,44.317500,125,0.50000,3.5000,12,0.028206,3.2500,0
4889,63,2,27.28,13.640000,92,0.00000,1.0000,1,0.000000,0.5000,0
4894,84,5,133.70,26.740000,70,1.00000,1.0000,1,0.000000,0.0000,1
4905,32,2,80.04,40.020000,122,0.50000,2.0000,4,0.000000,0.5000,0
4911,53,2,50.83,25.415000,100,0.00000,2.5000,3,0.000000,2.5000,1
4912,47,2,76.51,38.255000,106,0.50000,2.0000,3,0.000000,2.0000,1
4913,80,2,106.54,53.270000,73,1.00000,3.0000,5,0.000000,3.5000,1
4925,47,3,57.24,19.080000,105,0.00000,1.3333,3,0.000000,0.0000,0
4928,4,6,118.29,19.715000,148,0.00000,1.6667,6,0.025361,1.3333,0
4930,39,2,108.85,54.425000,112,0.00000,3.5000,6,0.000000,6.5000,0
4952,2,6,602.45,100.408333,147,0.00000,6.6667,14,0.049797,6.6667,0
4955,54,2,55.81,27.905000,95,0.00000,2.0000,4,0.161261,3.0000,1
4961,24,3,52.08,17.360000,125,0.00000,1.0000,1,0.096006,1.3333,1
4967,36,2,109.51,54.755000,113,0.00000,2.5000,4,0.091316,6.5000,0
4968,12,2,55.64,27.820000,136,0.00000,2.0000,3,0.000000,0.0000,0
4994,60,3,69.61,23.203333,87,1.00000,3.6667,6,0.077575,6.0000,0
5003,76,5,172.81,34.562000,71,0.40000,2.0000,5,0.044905,0.8000,1
5007,67,2,70.35,35.175000,80,0.00000,3.5000,7,0.000000,2.0000,0
5014,78,3,642.98,214.326667,68,0.66667,4.0000,4,0.000000,1.0000,1
5022,61,5,66.34,13.268000,84,0.20000,1.0000,1,0.000000,0.0000,1
5023,52,8,139.64,17.455000,93,1.00000,1.0000,3,0.000000,1.2500,1
5027,43,2,33.17,16.585000,102,0.00000,6.0000,5,0.000000,3.5000,0
5035,45,2,47.62,23.810000,99,0.00000,2.0000,3,0.000000,0.0000,0
5036,2,9,125.05,13.894444,142,0.00000,1.0000,1,0.015994,1.1111,0
5037,48,2,96.07,48.035000,96,0.50000,3.0000,5,0.000000,2.5000,0
5040,29,3,113.92,37.973333,115,1.00000,3.3333,5,0.000000,0.6667,0
5041,27,3,240.19,80.063333,116,0.66667,4.3333,7,0.000000,2.0000,1
5045,72,2,108.68,54.340000,71,1.00000,3.5000,5,0.172985,3.5000,1
5048,23,4,198.11,49.527500,120,1.00000,2.0000,5,0.000000,0.0000,0
5053,53,3,51.90,17.300000,90,0.00000,1.0000,3,0.000000,2.3333,0
5058,38,2,41.73,20.865000,104,0.00000,2.5000,4,0.000000,1.5000,0
5059,15,6,78.45,13.075000,127,0.00000,1.1667,5,0.038241,1.8333,0
5061,75,2,67.50,33.750000,67,0.50000,3.5000,5,0.040889,0.0000,0
5064,24,3,92.56,30.853333,118,0.00000,3.0000,5,0.000000,0.3333,1
5065,70,2,112.30,56.150000,72,1.00000,3.0000,6,0.000000,0.5000,0
5082,84,2,180.43,90.215000,57,0.00000,5.0000,3,0.116389,2.0000,1
5085,23,7,191.69,27.384286,118,0.42857,1.4286,5,0.078982,1.4286,1
5090,64,2,127.81,63.905000,77,0.00000,4.0000,5,0.083327,0.0000,1
5092,22,5,301.14,60.228000,119,0.00000,3.6000,11,0.013117,2.2000,0
5097,40,7,238.13,34.018571,101,0.00000,4.7143,4,0.025196,1.0000,0
5098,46,4,73.77,18.442500,95,0.00000,2.2500,7,0.113461,2.2500,0
5101,30,2,70.54,35.270000,110,0.00000,2.0000,3,0.070882,3.0000,0
5103,65,4,186.67,46.667500,75,0.75000,2.5000,8,0.155354,1.5000,0
5104,28,2,34.51,17.255000,112,0.00000,3.5000,5,0.000000,3.5000,1
5113,45,2,81.92,40.960000,95,1.00000,2.5000,4,0.000000,1.0000,1
5114,8,3,146.50,48.833333,132,1.00000,4.6667,6,0.034130,2.3333,0
5119,16,3,114.49,38.163333,123,0.00000,3.6667,5,0.000000,2.0000,1
5125,48,2,37.45,18.725000,91,0.00000,1.0000,2,0.000000,0.0000,1
5129,43,3,64.20,21.400000,95,0.00000,1.3333,3,0.000000,1.0000,1
5132,40,2,44.40,22.200000,98,0.00000,2.0000,2,0.000000,0.0000,0
5133,61,2,106.30,53.150000,77,0.50000,3.0000,2,0.094073,1.5000,0
5144,48,7,86.32,12.331429,88,0.00000,3.0000,4,0.057924,0.5714,1
5146,37,2,118.07,59.035000,99,0.50000,3.0000,2,0.000000,3.0000,1
5152,5,10,235.98,23.598000,131,0.00000,4.1000,15,0.029664,0.4000,0
5166,74,2,146.58,73.290000,61,0.00000,9.0000,4,0.092987,2.0000,1
5167,69,4,107.00,26.750000,66,0.00000,1.0000,1,0.000000,0.0000,1
5168,79,2,68.89,34.445000,56,0.00000,2.0000,3,0.029177,1.5000,1
5174,8,12,551.96,45.996667,127,0.08333,3.5000,14,0.005435,3.1667,0
5176,2,3,141.36,47.120000,133,1.00000,2.3333,6,0.000000,1.0000,0
5177,2,3,133.02,44.340000,132,1.00000,2.0000,5,0.000000,3.6667,1
5181,84,4,194.88,48.720000,50,0.00000,3.5000,9,0.154454,3.7500,0
5189,29,2,67.10,33.550000,105,0.00000,2.5000,4,0.091058,2.5000,1
5194,2,2,32.37,16.185000,132,0.50000,2.0000,3,0.000000,0.5000,0
5202,86,2,80.54,40.270000,47,1.00000,3.0000,5,0.000000,1.0000,1
5206,10,3,128.02,42.673333,123,0.66667,2.3333,5,0.114045,2.3333,0
5207,2,2,77.95,38.975000,131,1.00000,2.5000,5,0.000000,2.5000,1
5210,2,12,535.95,44.662500,131,0.50000,2.9167,10,0.026122,2.2500,0
5211,46,4,155.96,38.990000,87,0.25000,5.2500,6,0.000000,4.2500,0
5213,29,4,233.67,58.417500,104,0.00000,3.7500,5,0.107031,1.7500,0
5215,62,4,103.79,25.947500,70,0.00000,1.7500,3,0.000000,3.5000,1
5219,40,4,72.34,18.085000,92,0.25000,2.2500,6,0.082942,1.5000,1
5239,54,2,43.21,21.605000,76,0.00000,2.0000,4,0.176579,2.5000,0
5245,79,3,156.94,52.313333,51,0.00000,3.6667,8,0.031859,2.3333,1
5247,15,5,123.71,24.742000,115,1.00000,4.8000,5,0.000000,3.2000,0
5248,55,2,50.82,25.410000,75,0.00000,2.5000,4,0.000000,0.5000,1
5251,1,4,128.40,32.100000,128,0.00000,1.7500,5,0.000000,2.0000,0
5253,63,2,84.18,42.090000,66,0.00000,3.0000,4,0.059397,3.0000,0
5266,78,2,114.86,57.430000,50,1.00000,2.5000,4,0.087063,2.5000,0
5270,1,4,99.08,24.770000,127,0.00000,1.5000,3,0.092854,1.0000,0
5272,51,5,245.56,49.112000,77,0.00000,3.4000,7,0.000000,1.6000,0
5279,40,2,24.08,12.040000,88,0.00000,1.0000,2,0.000000,2.0000,1
5282,49,3,92.02,30.673333,79,0.33333,2.3333,2,0.000000,2.0000,0
5291,15,9,641.56,71.284444,112,1.00000,7.1111,15,0.028057,3.1111,0
5299,39,3,186.53,62.176667,88,1.00000,6.3333,7,0.000000,9.0000,0
5302,37,3,128.40,42.800000,90,0.00000,4.0000,5,0.000000,1.3333,1
5305,22,7,181.45,25.921429,105,1.00000,4.7143,4,0.077156,2.7143,0
5310,33,4,186.88,46.720000,93,1.00000,5.0000,10,0.026755,2.0000,1
5312,19,2,102.80,51.400000,107,0.00000,4.0000,3,0.021595,1.5000,0
5317,85,3,157.29,52.430000,40,0.00000,3.0000,5,0.000000,2.0000,1
5318,60,2,88.81,44.405000,65,0.00000,2.0000,4,0.000000,4.5000,1
5319,23,2,54.03,27.015000,102,0.00000,2.0000,4,0.000000,1.5000,1
5330,4,18,2046.30,113.683333,120,0.83333,6.6667,12,0.008796,1.7778,0
5331,57,2,70.88,35.440000,67,0.00000,2.0000,4,0.109340,2.0000,1
5332,6,2,89.74,44.870000,118,0.50000,6.5000,7,0.022287,1.5000,1
5336,3,3,101.46,33.820000,121,0.66667,2.3333,5,0.137985,2.3333,0
5338,30,3,57.38,19.126667,94,0.00000,1.3333,3,0.165563,1.0000,0
5339,70,3,363.32,121.106667,54,0.33333,5.0000,8,0.037570,6.0000,0
5341,86,2,81.32,40.660000,37,1.00000,3.0000,5,0.000000,3.0000,1
5344,59,2,69.30,34.650000,64,0.50000,2.0000,3,0.000000,2.5000,1
5346,65,2,87.74,43.870000,58,0.00000,2.0000,3,0.000000,0.0000,1
5347,27,2,73.21,36.605000,96,1.00000,2.5000,4,0.068297,0.0000,0
5355,40,5,73.83,14.766000,82,0.00000,1.6000,4,0.000000,0.4000,0
5356,57,2,33.15,16.575000,65,0.50000,1.5000,2,0.000000,0.5000,1
5358,5,5,319.13,63.826000,117,0.00000,8.4000,10,0.000000,1.0000,0
5361,63,3,101.30,33.766667,59,0.00000,2.6667,6,0.049358,0.3333,1
5373,61,2,41.98,20.990000,60,1.00000,2.5000,4,0.095283,0.0000,1
5391,57,2,53.95,26.975000,64,0.00000,4.0000,4,0.092678,0.5000,1
5393,10,4,385.68,96.420000,111,1.00000,5.5000,9,0.000000,3.2500,0
5395,31,3,74.90,24.966667,89,0.00000,1.6667,4,0.000000,1.0000,0
5397,45,2,108.01,54.005000,75,1.00000,3.5000,6,0.078696,4.5000,1
5403,29,10,286.50,28.650000,91,0.00000,1.5000,3,0.000000,0.6000,0
5404,64,3,105.67,35.223333,56,1.00000,2.0000,4,0.000000,2.6667,0
5406,4,4,124.51,31.127500,116,1.00000,1.7500,5,0.046583,1.7500,0
5413,32,2,98.21,49.105000,87,1.00000,2.5000,4,0.000000,4.5000,0
5417,72,4,65.25,16.312500,47,0.00000,1.7500,7,0.061303,2.0000,1
5420,3,5,146.01,29.202000,116,0.20000,2.8000,9,0.080337,1.6000,0
5426,41,3,51.36,17.120000,77,0.00000,1.0000,2,0.000000,0.0000,1
5427,4,15,610.37,40.691333,114,1.00000,2.1333,7,0.139260,2.4667,0
5428,4,3,80.48,26.826667,114,1.00000,2.0000,3,0.086978,2.0000,0
5429,65,2,90.60,45.300000,53,0.00000,2.0000,4,0.055188,0.0000,1
5435,55,3,43.39,14.463333,62,0.00000,3.0000,6,0.069140,1.3333,1
5438,33,2,26.48,13.240000,84,0.00000,1.0000,1,0.000000,0.5000,1
5443,8,3,132.00,44.000000,109,0.00000,2.3333,5,0.108333,0.0000,0
5461,73,2,69.34,34.670000,42,0.00000,2.5000,5,0.043265,1.5000,0
5470,11,5,89.08,17.816000,103,0.00000,3.6000,8,0.000000,1.2000,0
5475,20,3,74.90,24.966667,94,0.00000,1.0000,1,0.000000,5.3333,1
5481,21,3,392.69,130.896667,93,1.00000,1.3333,2,0.000000,0.0000,0
5491,75,2,20.06,10.030000,39,0.00000,1.0000,2,0.000000,2.0000,1
5492,44,2,73.73,36.865000,70,0.50000,2.0000,4,0.071206,2.5000,0
5493,60,2,41.73,20.865000,54,0.50000,1.0000,2,0.000000,2.0000,1
5496,84,2,72.23,36.115000,30,0.00000,2.5000,5,0.000000,2.0000,1
5503,21,2,55.64,27.820000,92,0.50000,1.0000,1,0.000000,0.0000,1
5512,6,2,40.12,20.060000,106,1.00000,1.5000,3,0.000000,0.5000,1
5513,4,5,237.71,47.542000,108,0.00000,6.4000,7,0.037861,0.4000,0
5519,30,3,117.31,39.103333,82,0.66667,1.6667,2,0.151735,1.6667,1
5523,22,7,245.89,35.127143,90,0.42857,2.0000,7,0.000000,2.0000,0
5526,86,7,241.30,34.471429,25,0.71429,1.7143,10,0.000000,2.5714,0
5528,47,2,53.09,26.545000,64,1.00000,2.0000,3,0.193822,4.0000,1
5532,4,29,489.55,16.881034,106,0.03448,2.1724,9,0.069452,1.2069,0
5533,22,5,125.71,25.142000,88,0.80000,3.8000,8,0.000000,0.8000,0
5543,79,2,436.17,218.085000,30,1.00000,11.5000,6,0.000000,3.5000,1
5553,15,3,84.39,28.130000,93,0.00000,1.3333,3,0.023699,0.3333,1
5567,22,2,40.66,20.330000,85,0.00000,1.0000,1,0.000000,1.5000,1
5568,20,2,76.77,38.385000,87,1.00000,3.5000,6,0.000000,0.0000,0
5570,2,4,125.54,31.385000,105,0.00000,2.0000,4,0.154054,0.5000,0
5574,26,6,259.98,43.330000,81,1.00000,2.5000,12,0.000000,1.3333,0
5575,29,2,67.01,33.505000,78,0.50000,2.0000,3,0.000000,0.0000,1
5577,9,4,202.75,50.687500,98,0.00000,3.5000,9,0.010506,0.7500,0
5588,14,4,187.44,46.860000,92,0.00000,2.7500,7,0.132309,2.0000,0
5593,36,2,71.41,35.705000,70,0.00000,2.5000,5,0.056015,1.5000,0
5599,60,2,171.21,85.605000,46,1.00000,3.5000,5,0.000000,4.0000,1
5602,2,2,23.06,11.530000,103,0.00000,1.0000,1,0.164788,0.0000,1
5604,52,3,159.74,53.246667,53,0.00000,3.0000,7,0.043821,2.0000,0
5616,18,3,45.74,15.246667,86,0.00000,1.3333,2,0.000000,1.0000,1
5623,88,2,48.15,24.075000,15,1.00000,1.5000,2,0.000000,2.5000,0
5627,76,2,51.08,25.540000,27,0.00000,1.5000,3,0.078309,0.5000,0
5634,40,3,142.12,47.373333,62,1.00000,3.0000,4,0.084436,1.0000,0
5639,67,3,49.01,16.336667,35,0.00000,1.0000,1,0.061212,1.6667,1
5643,26,2,66.06,33.030000,75,0.00000,2.0000,4,0.060551,3.5000,1
5649,22,3,128.88,42.960000,79,0.33333,2.6667,4,0.053538,1.3333,1
5650,23,2,85.97,42.985000,78,0.00000,2.5000,4,0.116320,2.5000,0
5659,90,2,33.97,16.985000,10,0.00000,1.5000,3,0.000000,1.0000,0
5663,25,5,96.85,19.370000,75,0.00000,2.0000,6,0.000000,2.4000,0
5667,39,2,73.83,36.915000,61,0.00000,2.5000,3,0.000000,1.5000,1
5669,89,2,53.50,26.750000,11,0.00000,3.0000,4,0.000000,2.5000,0
5671,79,2,119.86,59.930000,21,1.00000,4.0000,4,0.151844,1.0000,1
5672,79,2,50.15,25.075000,21,0.00000,2.0000,4,0.039880,2.0000,1
5676,57,2,75.43,37.715000,43,0.00000,2.0000,3,0.000000,2.5000,0
5682,43,5,75.97,15.194000,56,0.00000,1.0000,3,0.000000,1.2000,1
5686,1,6,1301.77,216.961667,98,1.00000,26.5000,6,0.046091,0.8333,1
5694,11,5,246.36,49.272000,88,1.00000,2.0000,5,0.000000,4.0000,0
5701,53,3,143.09,47.696667,45,1.00000,2.0000,5,0.000000,3.3333,1
5717,10,3,33.59,11.196667,86,0.00000,1.0000,1,0.139923,0.0000,0
5718,87,2,23.00,11.500000,9,0.50000,3.0000,6,0.000000,0.0000,1
5725,56,2,121.75,60.875000,40,1.00000,3.0000,3,0.121150,0.5000,1
5729,68,3,99.77,33.256667,28,0.00000,3.6667,8,0.000000,1.3333,0
5730,56,2,38.72,19.360000,40,0.00000,1.0000,2,0.029959,1.5000,1
5732,78,2,67.10,33.550000,17,1.00000,2.0000,4,0.059165,2.5000,1
5736,85,2,90.68,45.340000,10,1.00000,4.0000,7,0.000000,1.0000,0
5739,12,11,201.24,18.294545,83,0.72727,1.1818,4,0.000000,0.0909,0
5741,51,2,68.71,34.355000,44,1.00000,1.5000,3,0.000000,2.5000,1
5742,51,2,67.06,33.530000,44,1.00000,1.5000,1,0.000000,1.5000,0
5745,3,3,272.38,90.793333,92,1.00000,4.6667,6,0.120053,3.0000,1
5751,23,4,160.92,40.230000,72,1.00000,2.5000,9,0.049714,2.7500,0
5754,67,2,261.14,130.570000,26,0.50000,5.5000,2,0.000000,2.5000,1
5755,44,4,66.34,16.585000,49,0.75000,1.0000,1,0.000000,0.0000,0
5763,11,6,261.17,43.528333,82,0.66667,2.1667,10,0.084236,1.6667,0
5767,13,6,309.64,51.606667,80,0.00000,4.3333,11,0.003068,1.1667,0
5771,53,2,61.46,30.730000,40,0.00000,3.0000,4,0.016271,0.0000,0
5773,65,2,53.94,26.970000,27,0.00000,1.5000,3,0.166852,2.5000,1
5775,21,3,166.85,55.616667,71,0.00000,2.6667,3,0.129458,3.6667,1
5792,69,2,68.98,34.490000,22,1.00000,3.0000,5,0.150768,1.0000,1
5793,7,8,202.43,25.303750,84,1.00000,1.2500,6,0.133083,2.1250,0
5800,75,2,58.78,29.390000,16,0.00000,2.5000,4,0.017013,0.0000,1
5804,33,2,33.81,16.905000,57,0.00000,1.5000,3,0.000000,3.5000,1
5805,12,2,39.76,19.880000,78,1.00000,2.0000,4,0.050302,0.5000,0
5807,83,2,146.43,73.215000,7,0.00000,4.5000,6,0.068292,0.5000,0
5808,45,2,62.52,31.260000,45,0.00000,3.5000,4,0.079974,1.0000,1
5817,69,2,92.73,46.365000,20,0.50000,2.5000,5,0.000000,4.0000,1
5820,68,2,77.31,38.655000,21,0.00000,4.0000,5,0.000000,1.5000,0
5822,52,2,93.81,46.905000,37,0.00000,3.0000,5,0.053299,1.5000,1
5823,19,2,96.83,48.415000,69,0.50000,4.0000,4,0.000000,4.0000,0
5827,36,6,301.74,50.290000,52,0.83333,2.3333,9,0.000000,0.0000,0
5830,15,3,95.27,31.756667,73,0.00000,3.0000,8,0.034114,2.3333,1
5832,39,3,50.22,16.740000,49,0.00000,1.3333,3,0.019912,2.6667,1
5833,30,3,186.61,62.203333,58,1.00000,3.6667,6,0.094046,6.6667,1
5834,17,3,112.22,37.406667,71,1.00000,2.3333,7,0.000000,1.6667,1
5836,3,5,117.00,23.400000,84,0.00000,1.2000,2,0.085470,4.8000,0
5838,17,3,88.27,29.423333,70,0.00000,2.3333,6,0.000000,0.3333,1
5849,68,2,165.68,82.840000,18,0.00000,4.5000,7,0.060357,1.0000,1
5851,60,2,27.75,13.875000,26,0.00000,1.0000,2,0.036036,0.5000,1
5855,68,2,64.78,32.390000,18,1.00000,2.5000,3,0.000000,1.0000,0
5856,59,2,19.26,9.630000,27,0.00000,1.0000,2,0.000000,0.0000,1
5860,16,7,172.88,24.697143,69,0.00000,2.0000,12,0.043788,0.4286,1
5861,7,3,172.40,57.466667,78,1.00000,3.3333,8,0.109397,2.0000,1
5863,72,2,50.25,25.125000,13,1.00000,1.5000,3,0.121592,2.5000,0
5873,51,2,169.99,84.995000,33,0.50000,1.0000,2,0.011765,1.5000,1
5877,45,3,110.18,36.726667,39,1.00000,1.3333,3,0.115720,4.6667,1
5879,71,2,109.07,54.535000,13,1.00000,3.0000,6,0.000000,2.0000,1
5882,24,2,69.24,34.620000,60,0.00000,2.0000,2,0.119151,0.5000,1
5889,30,2,43.87,21.935000,53,0.00000,1.0000,2,0.000000,1.5000,0
5894,62,2,41.70,20.850000,20,0.50000,2.0000,2,0.119904,0.0000,1
5899,56,2,140.89,70.445000,26,0.00000,4.5000,7,0.035489,8.0000,1
5901,50,3,87.34,29.113333,32,0.66667,1.6667,4,0.034349,2.6667,1
5903,3,3,74.74,24.913333,78,1.00000,1.3333,3,0.112390,0.0000,1
5904,1,3,72.33,24.110000,80,0.33333,1.3333,4,0.138255,2.0000,1
5905,61,2,54.57,27.285000,20,1.00000,1.5000,3,0.000000,0.0000,0
5906,9,6,123.05,20.508333,72,0.00000,1.6667,2,0.000000,1.3333,1
5910,63,2,125.72,62.860000,18,0.50000,4.0000,4,0.000000,6.0000,1
5911,76,2,108.10,54.050000,4,1.00000,4.5000,9,0.000000,2.0000,1
5919,17,7,401.50,57.357143,63,0.85714,7.4286,11,0.067248,2.8571,0
5932,72,2,69.05,34.525000,7,1.00000,2.0000,3,0.147719,1.0000,1
5938,15,2,125.00,62.500000,64,0.00000,3.0000,5,0.118320,0.0000,1
5939,63,2,73.03,36.515000,16,0.00000,2.5000,5,0.000000,5.0000,0
5941,59,3,105.49,35.163333,20,0.00000,2.0000,5,0.031283,2.3333,0
5945,57,2,71.02,35.510000,21,1.00000,2.0000,4,0.000000,3.0000,1
5947,21,3,155.50,51.833333,57,0.33333,2.6667,4,0.105466,4.6667,1
5949,78,2,170.50,85.250000,0,0.00000,10.0000,8,0.000000,13.0000,1
5957,2,3,77.79,25.930000,75,0.33333,2.3333,7,0.000000,4.3333,0
5958,44,2,46.81,23.405000,33,0.00000,2.5000,3,0.000000,3.0000,0
5966,21,3,138.83,46.276667,56,0.00000,3.3333,2,0.000000,8.6667,0
5976,10,8,224.34,28.042500,67,0.00000,2.3750,11,0.022288,0.7500,0
5990,14,2,63.51,31.755000,61,0.00000,2.0000,3,0.157456,1.5000,1
5995,54,2,64.20,32.100000,21,0.00000,2.0000,4,0.000000,1.0000,1
6009,34,3,215.09,71.696667,39,0.66667,3.3333,6,0.069738,3.0000,0
6017,37,2,31.03,15.515000,36,0.00000,1.0000,2,0.000000,0.0000,1
6027,13,3,103.95,34.650000,59,0.66667,2.0000,5,0.125060,3.6667,0
6029,11,3,126.08,42.026667,61,0.00000,2.0000,3,0.083439,1.3333,0
6041,3,3,177.10,59.033333,68,1.00000,3.0000,8,0.091417,3.3333,0
6044,9,2,104.00,52.000000,62,0.00000,3.0000,5,0.032885,0.5000,0
6048,48,2,63.13,31.565000,23,0.00000,2.0000,4,0.000000,2.5000,0
6049,68,2,60.36,30.180000,3,1.00000,1.0000,1,0.000000,2.0000,1
6064,16,4,100.58,25.145000,54,0.75000,2.2500,4,0.000000,1.7500,0
6067,34,2,113.42,56.710000,35,0.00000,3.0000,3,0.000000,4.5000,0
6069,38,3,131.61,43.870000,31,1.00000,3.6667,6,0.000000,0.3333,0
6071,57,3,64.84,21.613333,12,1.00000,1.3333,4,0.141888,0.6667,1
6076,42,2,102.13,51.065000,27,0.50000,3.0000,5,0.140801,2.0000,0
6077,56,2,95.41,47.705000,12,1.00000,2.5000,3,0.052405,1.5000,1
6079,15,2,138.98,69.490000,53,1.00000,3.0000,4,0.122320,3.0000,0
6080,2,2,106.82,53.410000,66,1.00000,4.0000,5,0.044935,4.5000,0
6082,61,2,90.28,45.140000,7,0.00000,2.5000,2,0.122951,0.5000,0
6085,65,2,73.94,36.970000,3,0.00000,3.5000,4,0.135245,7.0000,1
6086,29,2,92.02,46.010000,39,0.00000,4.5000,7,0.000000,0.0000,0
6104,22,2,169.06,84.530000,43,0.00000,3.5000,3,0.000000,0.0000,1
6112,2,5,204.08,40.816000,63,0.20000,2.0000,4,0.155821,2.0000,0
6114,49,2,29.96,14.980000,16,0.00000,1.0000,2,0.000000,0.5000,1
6115,65,2,25.68,12.840000,0,0.00000,1.0000,1,0.000000,0.0000,1
6124,1,2,134.26,67.130000,63,1.00000,2.5000,5,0.065396,8.5000,1
6132,2,3,67.81,22.603333,61,0.00000,1.6667,5,0.000000,3.0000,0
6135,45,2,145.55,72.775000,18,0.00000,5.0000,6,0.018550,6.0000,1
6140,23,2,109.87,54.935000,40,0.00000,3.5000,5,0.089378,6.0000,0
6145,44,3,92.03,30.676667,18,0.00000,1.6667,3,0.000000,3.0000,1
6147,3,2,31.67,15.835000,59,0.50000,1.0000,2,0.000000,0.5000,0
6161,36,3,142.42,47.473333,25,1.00000,3.0000,7,0.000000,2.0000,1
6162,14,3,78.10,26.033333,47,0.66667,2.3333,5,0.000000,0.6667,0
6166,51,2,59.18,29.590000,9,1.00000,1.0000,2,0.114059,0.0000,1
6171,16,5,289.54,57.908000,44,1.00000,3.0000,4,0.105685,4.0000,0
6174,30,3,129.93,43.310000,30,1.00000,2.0000,4,0.000000,1.3333,1
6176,5,3,69.34,23.113333,55,0.00000,1.3333,4,0.043265,0.6667,0
6179,34,2,65.30,32.650000,26,1.00000,2.5000,4,0.107198,3.0000,0
6181,14,2,102.19,51.095000,46,0.00000,2.0000,3,0.000000,6.0000,0
6205,38,2,33.17,16.585000,20,0.00000,1.5000,3,0.000000,0.5000,1
6212,29,2,95.39,47.695000,28,1.00000,3.0000,6,0.000000,5.0000,1
6218,36,2,78.08,39.040000,21,0.00000,2.0000,2,0.122951,1.5000,0
6220,23,2,36.24,18.120000,34,0.00000,1.0000,1,0.055188,1.0000,0
6237,36,3,116.10,38.700000,20,0.00000,4.6667,9,0.000000,2.0000,0
6238,52,2,34.24,17.120000,4,0.00000,1.0000,2,0.000000,4.0000,1
6241,52,2,43.87,21.935000,4,1.00000,1.0000,2,0.000000,1.0000,1
6242,42,2,49.22,24.610000,14,0.00000,2.0000,4,0.000000,2.5000,1
6252,11,5,227.00,45.400000,43,0.80000,6.0000,9,0.047225,2.4000,0
6267,51,3,13.38,4.460000,1,0.00000,1.3333,3,0.000000,0.0000,1
6273,37,2,42.80,21.400000,15,0.00000,1.5000,3,0.000000,1.0000,1
6274,2,5,70.48,14.096000,50,0.00000,1.2000,5,0.112089,0.4000,0
6278,19,2,83.39,41.695000,32,1.00000,3.0000,3,0.075549,1.0000,0
6288,14,3,155.85,51.950000,37,1.00000,3.6667,6,0.000000,1.0000,0
6290,26,2,57.78,28.890000,25,0.00000,1.5000,1,0.000000,1.0000,1
6291,16,5,223.48,44.696000,35,0.00000,3.2000,5,0.098667,2.6000,0
6294,19,3,127.75,42.583333,32,0.66667,2.3333,6,0.054795,1.0000,0
6297,2,10,513.63,51.363000,49,1.00000,4.2000,6,0.000000,0.8000,1
6303,14,3,127.33,42.443333,37,0.33333,3.0000,4,0.000000,2.3333,0
6305,49,3,723.00,241.000000,2,1.00000,7.6667,9,0.000000,1.3333,1
6315,10,3,69.64,23.213333,40,1.00000,2.0000,1,0.201034,0.6667,0
6328,24,3,100.31,33.436667,25,0.66667,2.6667,6,0.000000,3.0000,1
6335,16,2,71.13,35.565000,32,0.50000,2.0000,3,0.042176,0.0000,0
6336,46,2,64.20,32.100000,2,0.00000,2.0000,2,0.000000,1.5000,1
6344,2,3,75.70,25.233333,46,0.00000,2.3333,7,0.000000,0.6667,0
6354,39,2,126.29,63.145000,8,1.00000,4.0000,7,0.000000,6.0000,1
6373,23,2,85.07,42.535000,22,0.00000,4.0000,6,0.000000,5.5000,0
6376,34,2,73.03,36.515000,11,1.00000,2.5000,4,0.000000,1.5000,0
6378,16,2,42.80,21.400000,29,0.00000,1.0000,2,0.000000,0.0000,1
6387,44,2,77.90,38.950000,1,0.00000,4.0000,1,0.038511,4.0000,1
6388,5,8,145.40,18.175000,39,1.00000,1.0000,1,0.116919,0.0000,0
6390,17,2,125.99,62.995000,27,0.00000,6.5000,5,0.000000,1.0000,0
6391,2,2,37.10,18.550000,42,0.00000,2.5000,5,0.132884,2.0000,0
6397,11,2,78.28,39.140000,33,1.00000,3.5000,6,0.063873,1.0000,1
6402,37,2,60.99,30.495000,7,0.00000,3.0000,4,0.000000,0.5000,0
6410,1,2,113.14,56.570000,42,0.00000,4.5000,7,0.035354,0.0000,1
6412,21,2,223.22,111.610000,22,0.00000,12.0000,7,0.111997,3.0000,0
6416,5,2,272.94,136.470000,38,0.00000,10.5000,13,0.051293,8.0000,0
6422,30,2,116.63,58.315000,13,0.00000,5.0000,7,0.000000,3.0000,0
6437,21,2,21.40,10.700000,21,0.00000,1.0000,2,0.000000,0.5000,0
6457,18,2,33.89,16.945000,23,1.00000,1.0000,2,0.147536,0.5000,1
6458,40,2,46.01,23.005000,1,0.00000,2.0000,3,0.000000,2.5000,1
6463,4,3,84.45,28.150000,36,0.00000,2.3333,6,0.035761,3.0000,0
6464,37,2,20.87,10.435000,3,0.00000,1.0000,2,0.000000,1.0000,1
6467,36,2,85.60,42.800000,4,0.00000,4.0000,8,0.000000,3.5000,1
6479,2,2,118.18,59.090000,37,1.00000,2.5000,4,0.148925,1.0000,1
6480,15,2,60.47,30.235000,24,0.00000,3.0000,2,0.062014,0.0000,1
6481,7,5,86.67,17.334000,31,0.00000,1.4000,4,0.000000,2.0000,0
6483,33,3,88.82,29.606667,5,1.00000,3.0000,4,0.000000,1.0000,0
6485,27,2,134.48,67.240000,11,1.00000,8.0000,6,0.000000,6.0000,0
6490,29,3,67.42,22.473333,8,0.00000,3.0000,5,0.000000,2.0000,1
6496,11,3,88.28,29.426667,26,0.00000,2.0000,3,0.000000,1.6667,0
6499,33,2,143.97,71.985000,3,1.00000,10.5000,4,0.000000,2.5000,1
6507,21,2,54.49,27.245000,15,0.00000,2.5000,3,0.091760,3.5000,0
6513,15,2,19.26,9.630000,21,0.00000,1.0000,2,0.000000,1.5000,0
6514,22,2,32.90,16.450000,14,0.00000,1.5000,3,0.000000,0.0000,0
6525,17,2,104.86,52.430000,17,0.50000,1.5000,3,0.000000,1.0000,1
6556,22,2,133.01,66.505000,8,0.00000,3.5000,6,0.050748,6.0000,1
6561,5,2,67.10,33.550000,25,0.00000,3.0000,4,0.122951,0.5000,0
6565,22,3,43.33,14.443333,8,0.00000,1.0000,3,0.000000,0.0000,0
6590,12,2,111.83,55.915000,15,1.00000,4.0000,7,0.000000,1.5000,0
6595,16,2,127.10,63.550000,10,1.00000,4.5000,9,0.132809,4.0000,0
6613,24,2,35.38,17.690000,0,0.00000,2.0000,2,0.122951,2.0000,1
6616,2,2,43.04,21.520000,22,1.00000,1.5000,2,0.000000,0.0000,1
6638,6,2,52.14,26.070000,16,1.00000,1.0000,2,0.000000,1.5000,0
6650,13,2,47.52,23.760000,8,1.00000,1.0000,1,0.063131,2.0000,1
6651,21,2,59.66,29.830000,0,1.00000,4.0000,4,0.000000,4.5000,1
6658,8,2,75.35,37.675000,13,0.00000,3.5000,3,0.066357,6.0000,1
6742,8,2,128.49,64.245000,7,1.00000,3.5000,5,0.000000,1.5000,1
6748,1,2,80.04,40.020000,14,0.00000,2.5000,5,0.037481,0.0000,0
6773,10,2,51.15,25.575000,2,1.00000,1.0000,1,0.058651,2.5000,1
6789,2,2,34.90,17.450000,8,0.00000,1.5000,2,0.057307,0.0000,1
6792,4,2,52.43,26.215000,5,0.00000,2.0000,3,0.000000,5.5000,0
6796,5,3,100.26,33.420000,4,1.00000,2.0000,6,0.167564,1.6667,0
6798,9,2,38.10,19.050000,0,0.00000,1.0000,2,0.157480,0.5000,0
6799,1,2,60.99,30.495000,8,0.00000,3.5000,3,0.000000,0.0000,0
